applied_at,site,title,application_url,url,apply_status,apply_error
,ABB,Application Engineering Intern - Summer 2027,https://abb.wd3.myworkdayjobs.com/external_career_page/job/Alpharetta-Georgia-United-States-of-America/Application-Engineering-Intern---Summer-2027_JR00045706/apply?utm_source=Simplify&ref=Simplify,https://abb.wd3.myworkdayjobs.com/external_career_page/job/Alpharetta-Georgia-United-States-of-America/Application-Engineering-Intern---Summer-2027_JR00045706?utm_source=Simplify&ref=Simplify,failed,browser_interaction_blocked
,AeroVironment,Machine Learning Intern,https://avav.wd1.myworkdayjobs.com/en-US/avav/job/Minneapolis-MN/Summer-2027-Machine-Learning-Intern_8389/apply?utm_source=Simplify&ref=Simplify,https://avav.wd1.myworkdayjobs.com/en-US/avav/job/Minneapolis-MN/Summer-2027-Machine-Learning-Intern_8389?utm_source=Simplify&ref=Simplify,failed,browser_interaction_blocked
,Alberta Investment Management Corporation,Fixed Income Co-op,https://aimco.wd10.myworkdayjobs.com/AIMCoCareers/job/Calgary/Co-op--Fixed-Income--May-2027-_JR100898/apply?utm_source=Simplify&ref=Simplify,https://aimco.wd10.myworkdayjobs.com/AIMCoCareers/job/Calgary/Co-op--Fixed-Income--May-2027-_JR100898?utm_source=Simplify&ref=Simplify,failed,browser_interaction_blocked
,Auto-Owners Insurance,Business Intelligence Developer Intern - Summer 2027,https://aoins.wd5.myworkdayjobs.com/AutoOwners/job/Lansing-MI/Business-Intelligence-Developer-Internship---Summer-2027_R_14417/apply?utm_source=Simplify&ref=Simplify,https://aoins.wd5.myworkdayjobs.com/AutoOwners/job/Lansing-MI/Business-Intelligence-Developer-Internship---Summer-2027_R_14417?utm_source=Simplify&ref=Simplify,failed,browser_interaction_blocked
,Auto-Owners Insurance,Data Engineering Intern - Summer 2027,https://aoins.wd5.myworkdayjobs.com/AutoOwners/job/Lansing-MI/Data-Engineering-Internship---Summer-2026_R_12318/apply?utm_source=Simplify&ref=Simplify,https://aoins.wd5.myworkdayjobs.com/AutoOwners/job/Lansing-MI/Data-Engineering-Internship---Summer-2026_R_12318?utm_source=Simplify&ref=Simplify,failed,browser_interaction_blocked — School/university typeahead returned no matching options.
,Auto-Owners Insurance,IT Document Automation Developer Intern,https://aoins.wd5.myworkdayjobs.com/AutoOwners/job/Lansing-MI/IT-Document-Automation-Developer-Internship---Summer-2027_R_14471/apply?utm_source=Simplify&ref=Simplify,https://aoins.wd5.myworkdayjobs.com/AutoOwners/job/Lansing-MI/IT-Document-Automation-Developer-Internship---Summer-2027_R_14471?utm_source=Simplify&ref=Simplify,failed,browser_interaction_blocked
,Auto-Owners Insurance,Intelligent Automation Developer Intern,https://aoins.wd5.myworkdayjobs.com/AutoOwners/job/Lansing-MI/Intelligent-Automation-Developer-Internship---Summer-2027_R_14474/apply?utm_source=Simplify&ref=Simplify,https://aoins.wd5.myworkdayjobs.com/AutoOwners/job/Lansing-MI/Intelligent-Automation-Developer-Internship---Summer-2027_R_14474?utm_source=Simplify&ref=Simplify,failed,browser_interaction_blocked
,Auto-Owners Insurance,Marketplace Intelligence Intern 🎓,https://aoins.wd5.myworkdayjobs.com/AutoOwners/job/Lansing-MI/Marketplace-Intelligence-Internship---Summer-2027_R_14506/apply?utm_source=Simplify&ref=Simplify,https://aoins.wd5.myworkdayjobs.com/AutoOwners/job/Lansing-MI/Marketplace-Intelligence-Internship---Summer-2027_R_14506?utm_source=Simplify&ref=Simplify,failed,browser_interaction_blocked
,Barclays,Customer and Digital Data and Analytics Intern,https://barclays.wd3.myworkdayjobs.com/External_Career_Site_Barclays/job/Glasgow-Campus/XMLNAME-2027-Customer-and-Digital---Data-and-Analytics-Summer-Internship-Programme-Glasgow_JR-0000129278/apply?utm_source=Simplify&ref=Simplify,https://barclays.wd3.myworkdayjobs.com/External_Career_Site_Barclays/job/Glasgow-Campus/XMLNAME-2027-Customer-and-Digital---Data-and-Analytics-Summer-Internship-Programme-Glasgow_JR-0000129278?utm_source=Simplify&ref=Simplify,failed,school_or_university_typeahead_no_options
,Barclays,Data and Analytics Intern - Customer and Digital,https://barclays.wd3.myworkdayjobs.com/External_Career_Site_Barclays/job/Canary-Wharf-1-Churchill-Place/XMLNAME-2027-Customer-and-Digital---Data-and-Analytics-Summer-Internship-Programme-London_JR-0000129280/apply?utm_source=Simplify&ref=Simplify,https://barclays.wd3.myworkdayjobs.com/External_Career_Site_Barclays/job/Canary-Wharf-1-Churchill-Place/XMLNAME-2027-Customer-and-Digital---Data-and-Analytics-Summer-Internship-Programme-London_JR-0000129280?utm_source=Simplify&ref=Simplify,failed,manual_question:School or University required — University of Texas at Austin unavailable in employer list
,Barclays,Marketing Analyst Intern - Marketing,https://barclays.wd3.myworkdayjobs.com/External_Career_Site_Barclays/job/Canary-Wharf-1-Churchill-Place/XMLNAME-2027-Marketing-Analyst-Summer-Internship-Programme-London_JR-0000129579/apply?utm_source=Simplify&ref=Simplify,https://barclays.wd3.myworkdayjobs.com/External_Career_Site_Barclays/job/Canary-Wharf-1-Churchill-Place/XMLNAME-2027-Marketing-Analyst-Summer-Internship-Programme-London_JR-0000129579?utm_source=Simplify&ref=Simplify,failed,browser_interaction_blocked:required school typeahead returned no items
,Barclays,Technology Analyst Apprentice - AI and Data Science,https://barclays.wd3.myworkdayjobs.com/External_Career_Site_Barclays/job/Glasgow-Campus/XMLNAME-2027-Technology-Analyst-AI-and-Data-Science-Graduate-Apprenticeship-Programme-Glasgow_JR-0000129128/apply?utm_source=Simplify&ref=Simplify,https://barclays.wd3.myworkdayjobs.com/External_Career_Site_Barclays/job/Glasgow-Campus/XMLNAME-2027-Technology-Analyst-AI-and-Data-Science-Graduate-Apprenticeship-Programme-Glasgow_JR-0000129128?utm_source=Simplify&ref=Simplify,failed,browser_interaction_blocked
,Barclays,Technology Analyst Intern,https://barclays.wd3.myworkdayjobs.com/External_Career_Site_Barclays/job/Glasgow-Campus/XMLNAME-2027-Technology-Analyst-Summer-Internship-Programme-Glasgow_JR-0000129503/apply?utm_source=Simplify&ref=Simplify,https://barclays.wd3.myworkdayjobs.com/External_Career_Site_Barclays/job/Glasgow-Campus/XMLNAME-2027-Technology-Analyst-Summer-Internship-Programme-Glasgow_JR-0000129503?utm_source=Simplify&ref=Simplify,failed,browser_interaction_blocked
,Barclays,Technology Developer Apprentice,https://barclays.wd3.myworkdayjobs.com/External_Career_Site_Barclays/job/Glasgow-Campus/XMLNAME-2027-Technology-Developer-Graduate-Apprenticeship-Programme-Glasgow_JR-0000129447/apply?utm_source=Simplify&ref=Simplify,https://barclays.wd3.myworkdayjobs.com/External_Career_Site_Barclays/job/Glasgow-Campus/XMLNAME-2027-Technology-Developer-Graduate-Apprenticeship-Programme-Glasgow_JR-0000129447?utm_source=Simplify&ref=Simplify,failed,expired
,Barclays,Technology Developer Apprentice - Digital & Technology Solutions,https://barclays.wd3.myworkdayjobs.com/External_Career_Site_Barclays/job/Northampton-Barclays-Campus-Pavilion-Drive/XMLNAME-2027-Technology-Developer-Degree-Apprenticeship-Programme-Northampton_JR-0000129431/apply?utm_source=Simplify&ref=Simplify,https://barclays.wd3.myworkdayjobs.com/External_Career_Site_Barclays/job/Northampton-Barclays-Campus-Pavilion-Drive/XMLNAME-2027-Technology-Developer-Degree-Apprenticeship-Programme-Northampton_JR-0000129431?utm_source=Simplify&ref=Simplify,failed,browser_interaction_blocked
,Barclays,Technology Developer Intern,https://barclays.wd3.myworkdayjobs.com/External_Career_Site_Barclays/job/Glasgow-Campus/XMLNAME-2027-Technology-Developer-Summer-Internship-Programme-Glasgow_JR-0000129387/apply?utm_source=Simplify&ref=Simplify,https://barclays.wd3.myworkdayjobs.com/External_Career_Site_Barclays/job/Glasgow-Campus/XMLNAME-2027-Technology-Developer-Summer-Internship-Programme-Glasgow_JR-0000129387?utm_source=Simplify&ref=Simplify,failed,browser_interaction_blocked
,Barclays,Technology Developer Intern - Technology,https://barclays.wd3.myworkdayjobs.com/External_Career_Site_Barclays/job/Building-400-Whippany-Campus-Jefferson-Park/XMLNAME-2027-Technology-Developer-Summer-Internship-Program-Whippany_JR-0000123234/apply?utm_source=Simplify&ref=Simplify,https://barclays.wd3.myworkdayjobs.com/External_Career_Site_Barclays/job/Building-400-Whippany-Campus-Jefferson-Park/XMLNAME-2027-Technology-Developer-Summer-Internship-Program-Whippany_JR-0000123234?utm_source=Simplify&ref=Simplify,failed,browser_interaction_blocked
,Blackstone,Data Engineer Summer Analyst - Blackstone Technology & Innovations,https://blackstone.wd1.myworkdayjobs.com/zh-CN/Blackstone_Campus_Careers/job/Miami/XMLNAME-2027-Blackstone-Technology-and-Innovations--Data-Engineer-Summer-Analyst_45022/apply?utm_source=Simplify&ref=Simplify,https://blackstone.wd1.myworkdayjobs.com/zh-CN/Blackstone_Campus_Careers/job/Miami/XMLNAME-2027-Blackstone-Technology-and-Innovations--Data-Engineer-Summer-Analyst_45022?utm_source=Simplify&ref=Simplify,failed,login_issue
,Blackstone,Data Science Summer Analyst,https://blackstone.wd1.myworkdayjobs.com/zh-CN/Blackstone_Campus_Careers/job/New-York/XMLNAME-2027-Data-Science-Summer-Analyst_44862/apply?utm_source=Simplify&ref=Simplify,https://blackstone.wd1.myworkdayjobs.com/zh-CN/Blackstone_Campus_Careers/job/New-York/XMLNAME-2027-Data-Science-Summer-Analyst_44862?utm_source=Simplify&ref=Simplify,failed,login_issue
,Blackstone,Software Engineer Summer Analyst - Blackstone Technology & Innovations,https://blackstone.wd1.myworkdayjobs.com/zh-CN/Blackstone_Campus_Careers/job/Miami/XMLNAME-2027-Blackstone-Software-Engineer-Summer-Analyst_45021/apply?utm_source=Simplify&ref=Simplify,https://blackstone.wd1.myworkdayjobs.com/zh-CN/Blackstone_Campus_Careers/job/Miami/XMLNAME-2027-Blackstone-Software-Engineer-Summer-Analyst_45021?utm_source=Simplify&ref=Simplify,failed,login_issue
,Blackstone,Software Engineer Summer Analyst - Technology and Innovations,https://blackstone.wd1.myworkdayjobs.com/zh-CN/Blackstone_Campus_Careers/job/London/XMLNAME-2027-Blackstone-Technology---Innovations---Software-Engineer-Summer-Analyst_45358/apply?utm_source=Simplify&ref=Simplify,https://blackstone.wd1.myworkdayjobs.com/zh-CN/Blackstone_Campus_Careers/job/London/XMLNAME-2027-Blackstone-Technology---Innovations---Software-Engineer-Summer-Analyst_45358?utm_source=Simplify&ref=Simplify,failed,browser_interaction_blocked
,BlueCross BlueShield of Nebraska,Digital Experience Information Systems Intern,https://nebraskablue.wd1.myworkdayjobs.com/BCBSNE/job/Omaha-NE/IS-Intern--Summer-2027_JR101404/apply?utm_source=Simplify&ref=Simplify,https://nebraskablue.wd1.myworkdayjobs.com/BCBSNE/job/Omaha-NE/IS-Intern--Summer-2027_JR101404?utm_source=Simplify&ref=Simplify,failed,manual_question: What is your current annual salary?
,Boeing,Artificial Intelligence Software Engineer Intern - Graduate Researcher Program 🎓,https://boeing.wd1.myworkdayjobs.com/EXTERNAL_CAREERS/job/USA---Tukwila-WA/Boeing-Engineering---Technology-Innovation-Graduate-Researcher-Program--Software-Engineering-Artificial-Intelligence-Intern_JR2026523687/apply?utm_source=Simplify&ref=Simplify,https://boeing.wd1.myworkdayjobs.com/EXTERNAL_CAREERS/job/USA---Tukwila-WA/Boeing-Engineering---Technology-Innovation-Graduate-Researcher-Program--Software-Engineering-Artificial-Intelligence-Intern_JR2026523687?utm_source=Simplify&ref=Simplify,failed,job_requires_PhD
,Booz Allen,Applied AI Intern - University,https://bah.wd1.myworkdayjobs.com/Confidential/job/Washington-DC/University---Applied-AI-Intern_R0248111/apply?utm_source=Simplify&ref=Simplify,https://bah.wd1.myworkdayjobs.com/Confidential/job/Washington-DC/University---Applied-AI-Intern_R0248111?utm_source=Simplify&ref=Simplify,failed,expired
,Brunswick,Reinforcement Learning Intern - Boating Intelligence Design Lab,https://brunswick.wd1.myworkdayjobs.com/en-US/search/job/Champaign-IL/Software-Engineering-Intern_JR-051449/apply?utm_source=Simplify&ref=Simplify,https://brunswick.wd1.myworkdayjobs.com/en-US/search/job/Champaign-IL/Software-Engineering-Intern_JR-051449?utm_source=Simplify&ref=Simplify,failed,expired
,CIBC,Software Engineer Intern,https://cibc.wd3.myworkdayjobs.com/search/job/Chicago-IL/XMLNAME-2027-Summer-Intern---Software-Engineering_2618322-1/apply?utm_source=Simplify&ref=Simplify,https://cibc.wd3.myworkdayjobs.com/search/job/Chicago-IL/XMLNAME-2027-Summer-Intern---Software-Engineering_2618322-1?utm_source=Simplify&ref=Simplify,failed,already_applied
,Capital One,AI Engineering Intern 🎓,https://capitalone.wd12.myworkdayjobs.com/Capital_One/job/New-York-NY/Current-PhD--AI-Engineering-Internship-Program---Summer-2027_R249110-1/apply?utm_source=Simplify&ref=Simplify,https://capitalone.wd12.myworkdayjobs.com/Capital_One/job/New-York-NY/Current-PhD--AI-Engineering-Internship-Program---Summer-2027_R249110-1?utm_source=Simplify&ref=Simplify,failed,job_requires_PhD
,Cardinal Health,Data and Analytics Intern - Summer 2027,https://cardinalhealth.wd1.myworkdayjobs.com/EXT/job/OH-Dublin-Cardinal-Place/Data---Analytics-Internship--Summer-2027-_20185913/apply?utm_source=Simplify&ref=Simplify,https://cardinalhealth.wd1.myworkdayjobs.com/EXT/job/OH-Dublin-Cardinal-Place/Data---Analytics-Internship--Summer-2027-_20185913?utm_source=Simplify&ref=Simplify,failed,browser_transport_closed
,Caterpillar,Corporate Intern - Autonomy & Intelligent Systems Engineering,https://cat.wd5.myworkdayjobs.com/CaterpillarCareers/job/Mossville-Illinois/XMLNAME-2027-Summer-Corporate-Intern---Autonomy---Intelligent-Systems-Engineering_R0000392394/apply?utm_source=Simplify&ref=Simplify,https://cat.wd5.myworkdayjobs.com/CaterpillarCareers/job/Mossville-Illinois/XMLNAME-2027-Summer-Corporate-Intern---Autonomy---Intelligent-Systems-Engineering_R0000392394?utm_source=Simplify&ref=Simplify,failed,browser_service_unavailable
,ConocoPhillips,Trading Analytics Intern,https://conocophillips.wd1.myworkdayjobs.com/External/job/Houston-TX/Intern--Trading-Analytics-2027_REQ-006429/apply?utm_source=Simplify&ref=Simplify,https://conocophillips.wd1.myworkdayjobs.com/External/job/Houston-TX/Intern--Trading-Analytics-2027_REQ-006429?utm_source=Simplify&ref=Simplify,failed,browser_interaction_blocked
,Dick's Sporting Goods,Retail Analytics Intern - Corporate Internship,https://dickssportinggoods.wd1.myworkdayjobs.com/en-US/DSG/job/Customer-Support-Center/Retail-Analytics---Summer-2027-Corporate-Internship_202608785-1?utm_source=Simplify&ref=Simplify,https://dickssportinggoods.wd1.myworkdayjobs.com/en-US/DSG/job/Customer-Support-Center/Retail-Analytics---Summer-2027-Corporate-Internship_202608785-1?utm_source=Simplify&ref=Simplify,failed,browser_unavailable
,Dick's Sporting Goods,Software Engineer Intern - Corporate Internship,https://dickssportinggoods.wd1.myworkdayjobs.com/en-US/DSG/job/Customer-Support-Center/Software-Engineering---Summer-2027-Corporate-Internship_202608792-1?utm_source=Simplify&ref=Simplify,https://dickssportinggoods.wd1.myworkdayjobs.com/en-US/DSG/job/Customer-Support-Center/Software-Engineering---Summer-2027-Corporate-Internship_202608792-1?utm_source=Simplify&ref=Simplify,failed,browser_interaction_blocked
,Dimensional Fund Advisors,Software Engineer Intern,https://dimensional.wd5.myworkdayjobs.com/dfa_careers/job/Austin/Internship-in-Technology---Software-Engineer_2026-9022?utm_source=Simplify&ref=Simplify,https://dimensional.wd5.myworkdayjobs.com/dfa_careers/job/Austin/Internship-in-Technology---Software-Engineer_2026-9022?utm_source=Simplify&ref=Simplify,failed,browser_interaction_blocked
,"DuCharme, McMillen & Associates",Software Developer Intern,https://dmainc.wd5.myworkdayjobs.com/dma/job/Fort-Wayne-IN/Software-Development-Intern---Summer-2027_REQ636?utm_source=Simplify&ref=Simplify,https://dmainc.wd5.myworkdayjobs.com/dma/job/Fort-Wayne-IN/Software-Development-Intern---Summer-2027_REQ636?utm_source=Simplify&ref=Simplify,failed,manual_question:How Did You Hear About Us? required field only offered inaccurate referral options
,Fannie Mae,Treasury & Capital Markets Intern - Quantitative Research Track,https://fanniemae.wd1.myworkdayjobs.com/FannieMaeCareers/job/Washington-DC/Campus---Treasury---Capital-Markets-Program-Intern--Quantitative-Research-Track-_JR2872?utm_source=Simplify&ref=Simplify,https://fanniemae.wd1.myworkdayjobs.com/FannieMaeCareers/job/Washington-DC/Campus---Treasury---Capital-Markets-Program-Intern--Quantitative-Research-Track-_JR2872?utm_source=Simplify&ref=Simplify,failed,browser_interaction_blocked
,Fifth Third Bank,Enterprise Data Office Co-op,https://fifththird.wd5.myworkdayjobs.com/en-US/53careers/job/Cincinnati-OH/Enterprise-Data-Office-College-Co-op---Summer-2027---Cincinnati_R72261?utm_source=Simplify&ref=Simplify,https://fifththird.wd5.myworkdayjobs.com/en-US/53careers/job/Cincinnati-OH/Enterprise-Data-Office-College-Co-op---Summer-2027---Cincinnati_R72261?utm_source=Simplify&ref=Simplify,failed,browser_interaction_blocked
,Finastra,AI Engineer Intern - Summer 2027,https://finastra.wd3.myworkdayjobs.com/FINC/job/Atlanta/AI-Engineer-Intern--Summer-2027-_REQ0826_0038079?utm_source=Simplify&ref=Simplify,https://finastra.wd3.myworkdayjobs.com/FINC/job/Atlanta/AI-Engineer-Intern--Summer-2027-_REQ0826_0038079?utm_source=Simplify&ref=Simplify,failed,browser_unavailable
,First National Bank,Corporate Analytics Intern,https://fnbcorp.wd501.myworkdayjobs.com/FNBCORP/job/Pittsburgh-PA/Summer-2027-Corporate-Analytics-Intern_2026-01910?utm_source=Simplify&ref=Simplify,https://fnbcorp.wd501.myworkdayjobs.com/FNBCORP/job/Pittsburgh-PA/Summer-2027-Corporate-Analytics-Intern_2026-01910?utm_source=Simplify&ref=Simplify,failed,browser_interaction_blocked
,Freddie Mac,Multifamily Software Development Intern - Summer 2027,https://freddiemac.wd5.myworkdayjobs.com/External/job/McLean-VA/Multifamily-Software-Development-Intern---Summer-2027_JR17564?utm_source=Simplify&ref=Simplify,https://freddiemac.wd5.myworkdayjobs.com/External/job/McLean-VA/Multifamily-Software-Development-Intern---Summer-2027_JR17564?utm_source=Simplify&ref=Simplify,failed,browser_interaction_blocked
,Freddie Mac,Single-Family Data Intern,https://freddiemac.wd5.myworkdayjobs.com/External/job/McLean-VA/Single-Family-Data-Intern--Summer-2027_JR17545?utm_source=Simplify&ref=Simplify,https://freddiemac.wd5.myworkdayjobs.com/External/job/McLean-VA/Single-Family-Data-Intern--Summer-2027_JR17545?utm_source=Simplify&ref=Simplify,failed,manual_question:School or University
,Freddie Mac,Software Developer Intern - Single-Family,https://freddiemac.wd5.myworkdayjobs.com/External/job/McLean-VA/Single-Family-Software-Developer-Intern--Summer-2027_JR17544?utm_source=Simplify&ref=Simplify,https://freddiemac.wd5.myworkdayjobs.com/External/job/McLean-VA/Single-Family-Software-Developer-Intern--Summer-2027_JR17544?utm_source=Simplify&ref=Simplify,failed,manual_question:School or University unavailable in Workday options
,Freddie Mac,Technology Intern - Enterprise Operations + Technology,https://freddiemac.wd5.myworkdayjobs.com/External/job/McLean-VA/EO-T-Technology-Intern--Summer-2027_JR17542?utm_source=Simplify&ref=Simplify,https://freddiemac.wd5.myworkdayjobs.com/External/job/McLean-VA/EO-T-Technology-Intern--Summer-2027_JR17542?utm_source=Simplify&ref=Simplify,failed,manual_question
,GE Vernova,CIC Systems Engineer Co-op,https://gevernova.wd5.myworkdayjobs.com/only_confidential_executive_recruiting/job/Rochester/GE-Vernova-CIC-Systems-Engineer-Co-op---Spring---Summer-2027_R5051807-1?utm_source=Simplify&ref=Simplify,https://gevernova.wd5.myworkdayjobs.com/only_confidential_executive_recruiting/job/Rochester/GE-Vernova-CIC-Systems-Engineer-Co-op---Spring---Summer-2027_R5051807-1?utm_source=Simplify&ref=Simplify,failed,browser_interaction_blocked
,GE Vernova,Energy Optimization Software Engineer Intern - Summer 2027 🎓,https://gevernova.wd5.myworkdayjobs.com/only_confidential_executive_recruiting/job/Bellevue/GE-Vernova---Energy-Optimization-Software-Engineer-Intern---Summer-2027_R5050015-1?utm_source=Simplify&ref=Simplify,https://gevernova.wd5.myworkdayjobs.com/only_confidential_executive_recruiting/job/Bellevue/GE-Vernova---Energy-Optimization-Software-Engineer-Intern---Summer-2027_R5050015-1?utm_source=Simplify&ref=Simplify,failed,browser_interaction_blocked
,GE Vernova,Project Engineer Intern - Summer 2027 🎓,https://gevernova.wd5.myworkdayjobs.com/only_confidential_executive_recruiting/job/Bellevue/GE-Vernova---Project-Engineer-Intern---Summer-2027_R5050026-1?utm_source=Simplify&ref=Simplify,https://gevernova.wd5.myworkdayjobs.com/only_confidential_executive_recruiting/job/Bellevue/GE-Vernova---Project-Engineer-Intern---Summer-2027_R5050026-1?utm_source=Simplify&ref=Simplify,failed,browser_interaction_blocked
,GlobalFoundries,RF Technology Development Automation Engineer Intern - Summer 2027,https://globalfoundries.wd1.myworkdayjobs.com/External/job/USA---New-York---Malta/RF-Technology-Development-Automation-Engineering-Intern--Summer-2027-_JR-2604272?utm_source=Simplify&ref=Simplify,https://globalfoundries.wd1.myworkdayjobs.com/External/job/USA---New-York---Malta/RF-Technology-Development-Automation-Engineering-Intern--Summer-2027-_JR-2604272?utm_source=Simplify&ref=Simplify,failed,expired
,Greenheck Group,Engineering Co-op,https://greenheckgroup.wd5.myworkdayjobs.com/external/job/Tulsa-OK/Engineering-Co-op-Opportunities--OK-_JR104348?utm_source=Simplify&ref=Simplify,https://greenheckgroup.wd5.myworkdayjobs.com/external/job/Tulsa-OK/Engineering-Co-op-Opportunities--OK-_JR104348?utm_source=Simplify&ref=Simplify,failed,browser_interaction_blocked
,HMH,Digital Services Engineering Intern,https://hmhw.wd12.myworkdayjobs.com/hmh_careers/job/Houston-TX/Digital-Services-Engineering-Intern_JR102387?utm_source=Simplify&ref=Simplify,https://hmhw.wd12.myworkdayjobs.com/hmh_careers/job/Houston-TX/Digital-Services-Engineering-Intern_JR102387?utm_source=Simplify&ref=Simplify,failed,browser_interaction_blocked
,HMH,Software Engineer Intern,https://hmhw.wd12.myworkdayjobs.com/hmh_careers/job/Houston-TX/Software-Engineering-Intern_JR102384?utm_source=Simplify&ref=Simplify,https://hmhw.wd12.myworkdayjobs.com/hmh_careers/job/Houston-TX/Software-Engineering-Intern_JR102384?utm_source=Simplify&ref=Simplify,failed,manual_question:School or University
,Johnson & Johnson,Software Engineer Co-op,https://jj.wd5.myworkdayjobs.com/JJ/job/Cincinnati-Ohio-United-States-of-America/Software-Engineering-Co-Op-Summer-2027_R-096743?utm_source=Simplify&ref=Simplify,https://jj.wd5.myworkdayjobs.com/JJ/job/Cincinnati-Ohio-United-States-of-America/Software-Engineering-Co-Op-Summer-2027_R-096743?utm_source=Simplify&ref=Simplify,failed,browser_transport_closed
,KeyBank,Data Intern - Key Technology & Services - Data Track,https://keybank.wd5.myworkdayjobs.com/External_Career_Site/job/Brooklyn-OH/XMLNAME-2027-Summer-Key-Technology---Services--Data-Track-Internship--Cleveland_R-41385?utm_source=Simplify&ref=Simplify,https://keybank.wd5.myworkdayjobs.com/External_Career_Site/job/Brooklyn-OH/XMLNAME-2027-Summer-Key-Technology---Services--Data-Track-Internship--Cleveland_R-41385?utm_source=Simplify&ref=Simplify,failed,expired
,Land O'Lakes,Business Insights & Analytics Intern - Animal Nutrition,https://landolakes.wd1.myworkdayjobs.com/landolakes/job/Arden-Hills-MN-USA/Business-Insights---Analytics-Intern---Animal-Nutrition_R-40421?utm_source=Simplify&ref=Simplify,https://landolakes.wd1.myworkdayjobs.com/landolakes/job/Arden-Hills-MN-USA/Business-Insights---Analytics-Intern---Animal-Nutrition_R-40421?utm_source=Simplify&ref=Simplify,failed,browser_interaction_blocked
,MKS Instruments,Business Intelligence/Data Analytics Intern,https://mksinst.wd1.myworkdayjobs.com/MKSCareersUniversity/job/Andover-MA/XMLNAME-2027-Summer-BI-Data-Analytics-IT-Intern_R20657?utm_source=Simplify&ref=Simplify,https://mksinst.wd1.myworkdayjobs.com/MKSCareersUniversity/job/Andover-MA/XMLNAME-2027-Summer-BI-Data-Analytics-IT-Intern_R20657?utm_source=Simplify&ref=Simplify,failed,expired
,Manulife Financial,AI Intern - AI,https://manulife.wd3.myworkdayjobs.com/en-US/MFCJH_Jobs/job/Boston-Massachusetts/Summer-Intern-2027---AI_JR26081682?utm_source=Simplify&ref=Simplify,https://manulife.wd3.myworkdayjobs.com/en-US/MFCJH_Jobs/job/Boston-Massachusetts/Summer-Intern-2027---AI_JR26081682?utm_source=Simplify&ref=Simplify,failed,browser_interaction_blocked:required Field of Study option unavailable
,Marsh,Summer Analyst - Data and Analytics,https://mmc.wd1.myworkdayjobs.com/en-US/MMC/job/Raleigh---1-Glenwood/Oliver-Wyman---Summer-Analyst-2027---Data-and-Analytics--DNA----Raleigh--NC_R_363696?utm_source=Simplify&ref=Simplify,https://mmc.wd1.myworkdayjobs.com/en-US/MMC/job/Raleigh---1-Glenwood/Oliver-Wyman---Summer-Analyst-2027---Data-and-Analytics--DNA----Raleigh--NC_R_363696?utm_source=Simplify&ref=Simplify,failed,browser_interaction_blocked
,McKesson,Software Engineer Intern,https://mckesson.wd3.myworkdayjobs.com/External_Careers/job/USA-GA-Atlanta/Software-Engineer-Intern---Summer-2027_JR0153235?utm_source=Simplify&ref=Simplify,https://mckesson.wd3.myworkdayjobs.com/External_Careers/job/USA-GA-Atlanta/Software-Engineer-Intern---Summer-2027_JR0153235?utm_source=Simplify&ref=Simplify,failed,manual_question:School or University
,McKesson,Software Engineer Intern,https://mckesson.wd3.myworkdayjobs.com/External_Careers/job/USA-CO-Longmont/Software-Engineer-Intern---Summer-2027_JR0152469?utm_source=Simplify&ref=Simplify,https://mckesson.wd3.myworkdayjobs.com/External_Careers/job/USA-CO-Longmont/Software-Engineer-Intern---Summer-2027_JR0152469?utm_source=Simplify&ref=Simplify,failed,required School or University typeahead returned no options after URL recovery
,Medline,Software Development Intern - Summer 2027,https://medline.wd5.myworkdayjobs.com/en-US/Medline/job/Northbrook-Illinois/Software-Development-Intern---Summer-2027_R2617613?utm_source=Simplify&ref=Simplify,https://medline.wd5.myworkdayjobs.com/en-US/Medline/job/Northbrook-Illinois/Software-Development-Intern---Summer-2027_R2617613?utm_source=Simplify&ref=Simplify,failed,browser_session_unavailable
,Merck,Data Scientist Intern - Nonclinical Drug Safety,https://msd.wd5.myworkdayjobs.com/searchjobs/job/USA---Massachusetts---Boston-MA-Parcel-B-Laboratory/XMLNAME-2027-Future-Talent-Program---Nonclinical-Drug-Safety-Data-Scientist---Intern_R412861?utm_source=Simplify&ref=Simplify,https://msd.wd5.myworkdayjobs.com/searchjobs/job/USA---Massachusetts---Boston-MA-Parcel-B-Laboratory/XMLNAME-2027-Future-Talent-Program---Nonclinical-Drug-Safety-Data-Scientist---Intern_R412861?utm_source=Simplify&ref=Simplify,failed,browser_interaction_blocked
,Motorola,Android Application Developer Intern - Summer 2027,https://motorolasolutions.wd5.myworkdayjobs.com/Careers/job/Chicago-IL/Android-Applications-Developer-Intern---Summer-2027_R67740?utm_source=Simplify&ref=Simplify,https://motorolasolutions.wd5.myworkdayjobs.com/Careers/job/Chicago-IL/Android-Applications-Developer-Intern---Summer-2027_R67740?utm_source=Simplify&ref=Simplify,failed,browser_interaction_blocked
,NVIDIA,Deep Learning Computer Architecture Intern,https://nvidia.wd5.myworkdayjobs.com/NVIDIAExternalCareerSite/job/US-CA-Santa-Clara/NVIDIA-2027-Internships--Deep-Learning-Computer-Architecture_JR2023491?utm_source=Simplify&ref=Simplify,https://nvidia.wd5.myworkdayjobs.com/NVIDIAExternalCareerSite/job/US-CA-Santa-Clara/NVIDIA-2027-Internships--Deep-Learning-Computer-Architecture_JR2023491?utm_source=Simplify&ref=Simplify,failed,already_applied
,NXP Semiconductors,Embedded Machine Learning & Radar Processing Intern - Summer 2027 🎓,https://nxp.wd3.myworkdayjobs.com/en-US/careers/job/San-Jose-Holger-Way/Embedded-Machine-Learning---Radar-Processing-Intern---Summer-2027_R-10065534?utm_source=Simplify&ref=Simplify,https://nxp.wd3.myworkdayjobs.com/en-US/careers/job/San-Jose-Holger-Way/Embedded-Machine-Learning---Radar-Processing-Intern---Summer-2027_R-10065534?utm_source=Simplify&ref=Simplify,failed,browser_interaction_blocked
,Northrop Grumman,Data Analytics Intern,https://ngc.wd1.myworkdayjobs.com/Northrop_Grumman_External_Site/job/United-States-Utah-Roy/XMLNAME-2027-Data-Analytics-Intern---Clearfield-UT_R10250086?utm_source=Simplify&ref=Simplify,https://ngc.wd1.myworkdayjobs.com/Northrop_Grumman_External_Site/job/United-States-Utah-Roy/XMLNAME-2027-Data-Analytics-Intern---Clearfield-UT_R10250086?utm_source=Simplify&ref=Simplify,failed,expired
,Northrop Grumman,Software Engineer Intern,https://ngc.wd1.myworkdayjobs.com/Northrop_Grumman_External_Site/job/United-States-California-San-Diego/XMLNAME-2027-Intern-Software-Engineer_R10250150?utm_source=Simplify&ref=Simplify,https://ngc.wd1.myworkdayjobs.com/Northrop_Grumman_External_Site/job/United-States-California-San-Diego/XMLNAME-2027-Intern-Software-Engineer_R10250150?utm_source=Simplify&ref=Simplify,failed,expired
,Northrop Grumman,Software Engineer Intern,https://ngc.wd1.myworkdayjobs.com/Northrop_Grumman_External_Site/job/United-States-Utah-Roy/XMLNAME-2027-Software-Engineering-Intern---Roy-UT_R10249842?utm_source=Simplify&ref=Simplify,https://ngc.wd1.myworkdayjobs.com/Northrop_Grumman_External_Site/job/United-States-Utah-Roy/XMLNAME-2027-Software-Engineering-Intern---Roy-UT_R10249842?utm_source=Simplify&ref=Simplify,failed,expired
,RTX,Artificial Intelligence / Machine Learning Methods Intern,https://globalhr.wd5.myworkdayjobs.com/fr-CA/Private_Posting_No_TMP/job/US-CT-EAST-HARTFORD-ETC--400-Main-St--BLDG-ETC/Artificial-Intelligence---Machine-Learning-Methods-Intern--Summer-2027---Onsite-_01869917?utm_source=Simplify&ref=Simplify,https://globalhr.wd5.myworkdayjobs.com/fr-CA/Private_Posting_No_TMP/job/US-CT-EAST-HARTFORD-ETC--400-Main-St--BLDG-ETC/Artificial-Intelligence---Machine-Learning-Methods-Intern--Summer-2027---Onsite-_01869917?utm_source=Simplify&ref=Simplify,failed,expired
,RTX,Software Engineer Intern,https://globalhr.wd5.myworkdayjobs.com/rec_rtx_ext_gateway/job/US-IA-CEDAR-RAPIDS-130--5350-C-Ave-NE--BLDG-130/Software-Engineer-Intern---Summer-2027-_01870613?utm_source=Simplify&ref=Simplify,https://globalhr.wd5.myworkdayjobs.com/rec_rtx_ext_gateway/job/US-IA-CEDAR-RAPIDS-130--5350-C-Ave-NE--BLDG-130/Software-Engineer-Intern---Summer-2027-_01870613?utm_source=Simplify&ref=Simplify,failed,expired
,RTX,Software Engineer Intern,https://globalhr.wd5.myworkdayjobs.com/rec_rtx_ext_gateway/job/US-TX-RICHARDSON-C17--1717-Cityline-Dr--CITYLINE-C17/Software-Engineering-Intern--Summer-2027-_01872097?utm_source=Simplify&ref=Simplify,https://globalhr.wd5.myworkdayjobs.com/rec_rtx_ext_gateway/job/US-TX-RICHARDSON-C17--1717-Cityline-Dr--CITYLINE-C17/Software-Engineering-Intern--Summer-2027-_01872097?utm_source=Simplify&ref=Simplify,failed,expired
,RTX,Software Engineer Intern - Summer 2027,https://globalhr.wd5.myworkdayjobs.com/rec_rtx_ext_gateway/job/US-TX-RICHARDSON-C17--1717-Cityline-Dr--CITYLINE-C17/Software-Engineering-Intern--Summer-2027-_01872100?utm_source=Simplify&ref=Simplify,https://globalhr.wd5.myworkdayjobs.com/rec_rtx_ext_gateway/job/US-TX-RICHARDSON-C17--1717-Cityline-Dr--CITYLINE-C17/Software-Engineering-Intern--Summer-2027-_01872100?utm_source=Simplify&ref=Simplify,failed,expired
,RTX,Software Engineering Intern,https://globalhr.wd5.myworkdayjobs.com/fr-CA/Private_Posting_No_TMP/job/US-MA-CAMBRIDGE-BBN01--10--50-Moulton-St--MOULTON-B2/XMLNAME-2027-Software-Engineering-Intern--Onsite-_01864698?utm_source=Simplify&ref=Simplify,https://globalhr.wd5.myworkdayjobs.com/fr-CA/Private_Posting_No_TMP/job/US-MA-CAMBRIDGE-BBN01--10--50-Moulton-St--MOULTON-B2/XMLNAME-2027-Software-Engineering-Intern--Onsite-_01864698?utm_source=Simplify&ref=Simplify,failed,expired
,The Home Depot,Data Science & Analytics Intern,https://homedepot.wd5.myworkdayjobs.com/careerdepot/job/STORE-SUPPORT-CENTER-ATLANTA---9090/XMLNAME-2027-Summer-Internship---Data-Science---Analytics_Req191968?utm_source=Simplify&ref=Simplify,https://homedepot.wd5.myworkdayjobs.com/careerdepot/job/STORE-SUPPORT-CENTER-ATLANTA---9090/XMLNAME-2027-Summer-Internship---Data-Science---Analytics_Req191968?utm_source=Simplify&ref=Simplify,failed,browser_interaction_blocked
,The Walt Disney Company,Pricing & Product Development Intern - Spring 2027,https://disney.wd5.myworkdayjobs.com/disneycareerdc/job/Lake-Buena-Vista-FL-USA/Pricing---Product-Development-Intern--Spring-2027_10158266?utm_source=Simplify&ref=Simplify,https://disney.wd5.myworkdayjobs.com/disneycareerdc/job/Lake-Buena-Vista-FL-USA/Pricing---Product-Development-Intern--Spring-2027_10158266?utm_source=Simplify&ref=Simplify,failed,expired
2026-09-12T04:29:27.573260+00:00,Allied Solutions,Software Engineer Intern,https://alliedsolutions.wd501.myworkdayjobs.com/Allied_External/job/Carmel-IN/Software-Engineering-Intern_R-011087/apply?utm_source=Simplify&ref=Simplify,https://alliedsolutions.wd501.myworkdayjobs.com/Allied_External/job/Carmel-IN/Software-Engineering-Intern_R-011087?utm_source=Simplify&ref=Simplify,applied,
2026-09-12T05:04:46.842429+00:00,Allied Solutions,AI Solutions Intern,https://alliedsolutions.wd501.myworkdayjobs.com/Allied_External/job/Carmel-IN/AI-Solutions-Intern_R-011074/apply?utm_source=Simplify&ref=Simplify,https://alliedsolutions.wd501.myworkdayjobs.com/Allied_External/job/Carmel-IN/AI-Solutions-Intern_R-011074?utm_source=Simplify&ref=Simplify,applied,
2026-09-12T05:11:59.355937+00:00,Allied Solutions,Data Science Intern - Data Intelligence,https://alliedsolutions.wd501.myworkdayjobs.com/Allied_External/job/Carmel-IN/Data-Science-Intern_R-011077/apply?utm_source=Simplify&ref=Simplify,https://alliedsolutions.wd501.myworkdayjobs.com/Allied_External/job/Carmel-IN/Data-Science-Intern_R-011077?utm_source=Simplify&ref=Simplify,applied,
2026-09-12T05:15:29.429364+00:00,Allied Solutions,IT Performance Analyst Intern,https://alliedsolutions.wd501.myworkdayjobs.com/Allied_External/job/Carmel-IN/IT-Performance-Analyst-Intern_R-011082/apply?utm_source=Simplify&ref=Simplify,https://alliedsolutions.wd501.myworkdayjobs.com/Allied_External/job/Carmel-IN/IT-Performance-Analyst-Intern_R-011082?utm_source=Simplify&ref=Simplify,applied,
2026-09-12T05:21:42.968708+00:00,Allied Solutions,Sales Analytics Intern,https://alliedsolutions.wd501.myworkdayjobs.com/Allied_External/job/Carmel-IN/Sales-Analytics-Intern_R-011098/apply?utm_source=Simplify&ref=Simplify,https://alliedsolutions.wd501.myworkdayjobs.com/Allied_External/job/Carmel-IN/Sales-Analytics-Intern_R-011098?utm_source=Simplify&ref=Simplify,applied,
2026-09-12T05:29:55.559655+00:00,Allied Solutions,Data Governance Intern,https://alliedsolutions.wd501.myworkdayjobs.com/Allied_External/job/St-Paul-MN/Data-Governance-Intern_R-011076/apply?utm_source=Simplify&ref=Simplify,https://alliedsolutions.wd501.myworkdayjobs.com/Allied_External/job/St-Paul-MN/Data-Governance-Intern_R-011076?utm_source=Simplify&ref=Simplify,applied,
2026-09-12T05:34:56.032354+00:00,Applied Materials,Data Analyst Intern - Global Technical Learning Center,https://amat.wd1.myworkdayjobs.com/External/job/AlbanyNY/Summer-2027-Global-Technical-Learning-Center-Data-Analyst-Intern--Bachelor-s-Master-s--Albany--NY-_R2627551/apply?utm_source=Simplify&ref=Simplify,https://amat.wd1.myworkdayjobs.com/External/job/AlbanyNY/Summer-2027-Global-Technical-Learning-Center-Data-Analyst-Intern--Bachelor-s-Master-s--Albany--NY-_R2627551?utm_source=Simplify&ref=Simplify,applied,
2026-09-12T05:40:29.989842+00:00,Ameren,Meteorology Intern - Crisis Management,https://ameren.wd1.myworkdayjobs.com/External/job/Peoria-IL/Crisis-Management-Data---Analytics-Intern_033895-1/apply?utm_source=Simplify&ref=Simplify,https://ameren.wd1.myworkdayjobs.com/External/job/Peoria-IL/Crisis-Management-Data---Analytics-Intern_033895-1?utm_source=Simplify&ref=Simplify,applied,
2026-09-12T06:00:38.013750+00:00,Ameriprise Financial,Asset Management Technology Intern - Data Enablement,https://ameriprise.wd5.myworkdayjobs.com/en-US/Ameriprise/job/Boston-Massachusetts/Asset-Management-Technology-Intern---Data-Enablement_R26_3538/apply?utm_source=Simplify&ref=Simplify,https://ameriprise.wd5.myworkdayjobs.com/en-US/Ameriprise/job/Boston-Massachusetts/Asset-Management-Technology-Intern---Data-Enablement_R26_3538?utm_source=Simplify&ref=Simplify,applied,
2026-09-12T07:03:03.185614+00:00,Datadog,Software Engineer Intern - Summer,https://careers.datadoghq.com/detail/8052118/?gh_jid=8052118&utm_source=Simplify&ref=Simplify,https://careers.datadoghq.com/detail/8052118/?gh_jid=8052118&utm_source=Simplify&ref=Simplify,applied,
2026-09-12T08:09:50.235772+00:00,Arch Capital Group,Data and Analytics Intern,https://archgroup.wd1.myworkdayjobs.com/careers/job/Farmington-CT-United-States-of-America/Data-and-Analytics-Intern_R26_845/apply?utm_source=Simplify&ref=Simplify,https://archgroup.wd1.myworkdayjobs.com/careers/job/Farmington-CT-United-States-of-America/Data-and-Analytics-Intern_R26_845?utm_source=Simplify&ref=Simplify,applied,
2026-09-12T08:26:21.185921+00:00,AeroVironment,Software Engineer Intern,https://avav.wd1.myworkdayjobs.com/en-US/avav/job/Simi-Valley-CA/Summer-2027-Software-Engineering-Intern_8611/apply?utm_source=Simplify&ref=Simplify,https://avav.wd1.myworkdayjobs.com/en-US/avav/job/Simi-Valley-CA/Summer-2027-Software-Engineering-Intern_8611?utm_source=Simplify&ref=Simplify,applied,
2026-09-12T08:35:47.066935+00:00,Booz Allen,Data Scientist Intern - University,https://bah.wd1.myworkdayjobs.com/bah_jobs/job/Annapolis-Junction-MD/University---2027-Summer-Games-Data-Scientist-Intern---Annapolis-Junction--MD_R0248408/apply?utm_source=Simplify&ref=Simplify,https://bah.wd1.myworkdayjobs.com/bah_jobs/job/Annapolis-Junction-MD/University---2027-Summer-Games-Data-Scientist-Intern---Annapolis-Junction--MD_R0248408?utm_source=Simplify&ref=Simplify,applied,
2026-09-12T08:43:02.680525+00:00,Booz Allen,Software Developer Intern - University,https://bah.wd1.myworkdayjobs.com/bah_jobs/job/Annapolis-Junction-MD/University---2027-Summer-Games-Software-Developer-Intern---Annapolis-Junction--MD_R0248403/apply?utm_source=Simplify&ref=Simplify,https://bah.wd1.myworkdayjobs.com/bah_jobs/job/Annapolis-Junction-MD/University---2027-Summer-Games-Software-Developer-Intern---Annapolis-Junction--MD_R0248403?utm_source=Simplify&ref=Simplify,applied,
2026-09-12T08:50:29.820174+00:00,Booz Allen,Systems Engineer Intern - University - 2027 Summer Games,https://bah.wd1.myworkdayjobs.com/bah_jobs/job/Annapolis-Junction-MD/University---2027-Summer-Games-Systems-Engineer-Intern---Annapolis-Junction--MD_R0248384/apply?utm_source=Simplify&ref=Simplify,https://bah.wd1.myworkdayjobs.com/bah_jobs/job/Annapolis-Junction-MD/University---2027-Summer-Games-Systems-Engineer-Intern---Annapolis-Junction--MD_R0248384?utm_source=Simplify&ref=Simplify,applied,
2026-09-12T08:56:57.484843+00:00,Booz Allen,Systems Engineer Intern - Summer Games,https://bah.wd1.myworkdayjobs.com/bah_jobs/job/Atlanta-GA/University---2027-Summer-Games--Systems-Engineer-Intern---Atlanta--GA_R0248381/apply?utm_source=Simplify&ref=Simplify,https://bah.wd1.myworkdayjobs.com/bah_jobs/job/Atlanta-GA/University---2027-Summer-Games--Systems-Engineer-Intern---Atlanta--GA_R0248381?utm_source=Simplify&ref=Simplify,applied,
2026-09-12T09:08:39.233990+00:00,Booz Allen,Data Scientist Intern - University,https://bah.wd1.myworkdayjobs.com/bah_jobs/job/Atlanta-GA/University--2027-Summer-Games-Data-Scientist-Intern_R0248140/apply?utm_source=Simplify&ref=Simplify,https://bah.wd1.myworkdayjobs.com/bah_jobs/job/Atlanta-GA/University--2027-Summer-Games-Data-Scientist-Intern_R0248140?utm_source=Simplify&ref=Simplify,applied,
2026-09-12T09:16:02.794147+00:00,Booz Allen,Data Scientist Intern - University,https://bah.wd1.myworkdayjobs.com/bah_jobs/job/Charleston-SC/University---2027-Summer-Games-Data-Scientist-Intern_R0248137/apply?utm_source=Simplify&ref=Simplify,https://bah.wd1.myworkdayjobs.com/bah_jobs/job/Charleston-SC/University---2027-Summer-Games-Data-Scientist-Intern_R0248137?utm_source=Simplify&ref=Simplify,applied,
2026-09-12T09:24:16.517640+00:00,Booz Allen,Software Developer Intern - University,https://bah.wd1.myworkdayjobs.com/bah_jobs/job/Charleston-SC/University---2027-Summer-Games-Software-Developer-Intern_R0248134/apply?utm_source=Simplify&ref=Simplify,https://bah.wd1.myworkdayjobs.com/bah_jobs/job/Charleston-SC/University---2027-Summer-Games-Software-Developer-Intern_R0248134?utm_source=Simplify&ref=Simplify,applied,
2026-09-12T09:34:55.856542+00:00,Booz Allen,Systems Engineer Intern - University,https://bah.wd1.myworkdayjobs.com/bah_jobs/job/Colorado-Springs-CO/University---2027-Summer-Games-Systems-Engineer-Intern---Charleston--SC_R0248369/apply?utm_source=Simplify&ref=Simplify,https://bah.wd1.myworkdayjobs.com/bah_jobs/job/Colorado-Springs-CO/University---2027-Summer-Games-Systems-Engineer-Intern---Charleston--SC_R0248369?utm_source=Simplify&ref=Simplify,applied,
2026-09-12T09:42:46.968591+00:00,Booz Allen,Systems Engineer Intern - University,https://bah.wd1.myworkdayjobs.com/bah_jobs/job/Colorado-Springs-CO/University---2027-Summer-Games-Systems-Engineer-Intern---Colorado-Springs--CO_R0248368/apply?utm_source=Simplify&ref=Simplify,https://bah.wd1.myworkdayjobs.com/bah_jobs/job/Colorado-Springs-CO/University---2027-Summer-Games-Systems-Engineer-Intern---Colorado-Springs--CO_R0248368?utm_source=Simplify&ref=Simplify,applied,
2026-09-12T09:48:27.352557+00:00,Booz Allen,Data Scientist Intern - Summer Games,https://bah.wd1.myworkdayjobs.com/bah_jobs/job/Colorado-Springs-CO/University--2027-Summer-Games-Data-Scientist-Intern_R0248132/apply?utm_source=Simplify&ref=Simplify,https://bah.wd1.myworkdayjobs.com/bah_jobs/job/Colorado-Springs-CO/University--2027-Summer-Games-Data-Scientist-Intern_R0248132?utm_source=Simplify&ref=Simplify,applied,
2026-09-12T10:00:46.948449+00:00,Booz Allen,Software Developer Intern - University - 2027 Summer Games,https://bah.wd1.myworkdayjobs.com/bah_jobs/job/Colorado-Springs-CO/University--2027-Summer-Games-Software-Developer-Intern_R0248130/apply?utm_source=Simplify&ref=Simplify,https://bah.wd1.myworkdayjobs.com/bah_jobs/job/Colorado-Springs-CO/University--2027-Summer-Games-Software-Developer-Intern_R0248130?utm_source=Simplify&ref=Simplify,applied,
2026-09-12T10:14:46.113193+00:00,Booz Allen,Software Developer Intern - Summer Games,https://bah.wd1.myworkdayjobs.com/bah_jobs/job/El-Segundo-CA/University---2027-Summer-Games-Software-Developer-Intern---El-Segundo--CA_R0248046/apply?utm_source=Simplify&ref=Simplify,https://bah.wd1.myworkdayjobs.com/bah_jobs/job/El-Segundo-CA/University---2027-Summer-Games-Software-Developer-Intern---El-Segundo--CA_R0248046?utm_source=Simplify&ref=Simplify,applied,
2026-09-12T10:26:01.909543+00:00,Booz Allen,Data Scientist Intern - University - Summer Games,https://bah.wd1.myworkdayjobs.com/bah_jobs/job/El-Segundo-CA/University--2027-Summer-Games-Data-Scientist-Intern_R0248050/apply?utm_source=Simplify&ref=Simplify,https://bah.wd1.myworkdayjobs.com/bah_jobs/job/El-Segundo-CA/University--2027-Summer-Games-Data-Scientist-Intern_R0248050?utm_source=Simplify&ref=Simplify,applied,
2026-09-12T11:07:08.450055+00:00,Adobe,Software Engineer Intern,https://adobe.wd5.myworkdayjobs.com/external_experienced/job/San-Jose/XMLNAME-2027-Intern---Software-Engineer_R171666/apply?utm_source=Simplify&ref=Simplify,https://adobe.wd5.myworkdayjobs.com/external_experienced/job/San-Jose/XMLNAME-2027-Intern---Software-Engineer_R171666?utm_source=Simplify&ref=Simplify,applied,
2026-09-12T22:01:40.373237+00:00,Adobe,Machine Learning Engineer Intern,https://adobe.wd5.myworkdayjobs.com/external_experienced/job/San-Jose/XMLNAME-2027-Intern---Machine-Learning-Engineer_R171519/apply?utm_source=Simplify&ref=Simplify,https://adobe.wd5.myworkdayjobs.com/external_experienced/job/San-Jose/XMLNAME-2027-Intern---Machine-Learning-Engineer_R171519?utm_source=Simplify&ref=Simplify,applied,
2026-09-12T22:08:11.221903+00:00,The Aerospace Corporation,Machine Learning Engineering Intern 🎓,https://aero.wd5.myworkdayjobs.com/external/job/El-Segundo-CA/XMLNAME-2027-Machine-Learning-Engineering-Graduate-Intern_R016432?utm_source=Simplify&ref=Simplify,https://aero.wd5.myworkdayjobs.com/external/job/El-Segundo-CA/XMLNAME-2027-Machine-Learning-Engineering-Graduate-Intern_R016432?utm_source=Simplify&ref=Simplify,applied,
2026-09-12T22:14:20.321777+00:00,AIG,Summer Intern - Data Office,https://aig.wd1.myworkdayjobs.com/aig/job/GA-Atlanta/XMLNAME-2027-Early-Careers--Summer-Intern--Data-Office---United-States--Atlanta--GA--Charlotte--NC--Parsippany--NJ--Jersey-City--NJ---New-York--NY_JR2603655-1/apply?utm_source=Simplify&ref=Simplify,https://aig.wd1.myworkdayjobs.com/aig/job/GA-Atlanta/XMLNAME-2027-Early-Careers--Summer-Intern--Data-Office---United-States--Atlanta--GA--Charlotte--NC--Parsippany--NJ--Jersey-City--NJ---New-York--NY_JR2603655-1?utm_source=Simplify&ref=Simplify,applied,
2026-09-12T22:14:57.294768+00:00,AIG,Summer Intern - Data Office,https://aig.wd1.myworkdayjobs.com/en-US/early_careers/job/GA-Atlanta/XMLNAME-2027-Early-Careers--Summer-Intern--Data-Office---United-States--Atlanta--GA--Charlotte--NC--Parsippany--NJ--Jersey-City--NJ---New-York--NY_JR2603655/apply?utm_source=Simplify&ref=Simplify,https://aig.wd1.myworkdayjobs.com/en-US/early_careers/job/GA-Atlanta/XMLNAME-2027-Early-Careers--Summer-Intern--Data-Office---United-States--Atlanta--GA--Charlotte--NC--Parsippany--NJ--Jersey-City--NJ---New-York--NY_JR2603655?utm_source=Simplify&ref=Simplify,applied,
2026-09-12T23:01:29.568193+00:00,Auto-Owners Insurance,Software Developer Intern - Summer 2027,https://aoins.wd5.myworkdayjobs.com/AutoOwners/job/Lansing-MI/Software-Developer-Internship_R_2121/apply?utm_source=Simplify&ref=Simplify,https://aoins.wd5.myworkdayjobs.com/AutoOwners/job/Lansing-MI/Software-Developer-Internship_R_2121?utm_source=Simplify&ref=Simplify,applied,
2026-09-12T23:07:50.353035+00:00,Booz Allen,Software Developer Intern,https://bah.wd1.myworkdayjobs.com/bah_jobs/job/Fort-Walton-Beach-FL/University---2027-Summer-Games-Software-Developer-Intern---Ft-Walton-Beach--FL_R0248404/apply?utm_source=Simplify&ref=Simplify,https://bah.wd1.myworkdayjobs.com/bah_jobs/job/Fort-Walton-Beach-FL/University---2027-Summer-Games-Software-Developer-Intern---Ft-Walton-Beach--FL_R0248404?utm_source=Simplify&ref=Simplify,applied,
2026-09-12T23:13:06.282558+00:00,Booz Allen,Systems Engineer Intern - Summer Games,https://bah.wd1.myworkdayjobs.com/bah_jobs/job/Fort-Walton-Beach-FL/University---2027-Summer-Games-Systems-Engineer-Intern---Ft-Walton-Beach--FL_R0248388/apply?utm_source=Simplify&ref=Simplify,https://bah.wd1.myworkdayjobs.com/bah_jobs/job/Fort-Walton-Beach-FL/University---2027-Summer-Games-Systems-Engineer-Intern---Ft-Walton-Beach--FL_R0248388?utm_source=Simplify&ref=Simplify,applied,
2026-09-12T23:19:49.467554+00:00,Booz Allen,Data Scientist Intern - 2027 Summer Games,https://bah.wd1.myworkdayjobs.com/bah_jobs/job/Honolulu-HI/University---2027-Summer-Games--Data-Scientist-Intern---Honolulu--HI_R0248406/apply?utm_source=Simplify&ref=Simplify,https://bah.wd1.myworkdayjobs.com/bah_jobs/job/Honolulu-HI/University---2027-Summer-Games--Data-Scientist-Intern---Honolulu--HI_R0248406?utm_source=Simplify&ref=Simplify,applied,
2026-09-12T23:26:14.321106+00:00,Booz Allen,Software Developer Intern - University,https://bah.wd1.myworkdayjobs.com/bah_jobs/job/Honolulu-HI/University---2027-Summer-Games-Software-Developer-Intern---Honolulu--HI_R0248393/apply?utm_source=Simplify&ref=Simplify,https://bah.wd1.myworkdayjobs.com/bah_jobs/job/Honolulu-HI/University---2027-Summer-Games-Software-Developer-Intern---Honolulu--HI_R0248393?utm_source=Simplify&ref=Simplify,applied,
2026-09-12T23:29:53.900741+00:00,Booz Allen,Systems Engineer Intern - Summer Games,https://bah.wd1.myworkdayjobs.com/bah_jobs/job/Honolulu-HI/University---2027-Summer-Games-Systems-Engineer-Intern---Honolulu--HI_R0248370/apply?utm_source=Simplify&ref=Simplify,https://bah.wd1.myworkdayjobs.com/bah_jobs/job/Honolulu-HI/University---2027-Summer-Games-Systems-Engineer-Intern---Honolulu--HI_R0248370?utm_source=Simplify&ref=Simplify,applied,
2026-09-12T23:34:52.498752+00:00,Booz Allen,Data Scientist Intern,https://bah.wd1.myworkdayjobs.com/bah_jobs/job/Huntsville-AL/University---2027-Summer-Games-Data-Scientist-Intern---Huntsville--AL_R0248407/apply?utm_source=Simplify&ref=Simplify,https://bah.wd1.myworkdayjobs.com/bah_jobs/job/Huntsville-AL/University---2027-Summer-Games-Data-Scientist-Intern---Huntsville--AL_R0248407?utm_source=Simplify&ref=Simplify,applied,
2026-09-12T23:39:22.599582+00:00,Booz Allen,Software Developer Intern,https://bah.wd1.myworkdayjobs.com/bah_jobs/job/Huntsville-AL/University---2027-Summer-Games-Software-Developer-Intern---Huntsville--AL_R0248394/apply?utm_source=Simplify&ref=Simplify,https://bah.wd1.myworkdayjobs.com/bah_jobs/job/Huntsville-AL/University---2027-Summer-Games-Software-Developer-Intern---Huntsville--AL_R0248394?utm_source=Simplify&ref=Simplify,applied,
2026-09-12T23:46:06.476592+00:00,Booz Allen,Data Scientist Intern - University,https://bah.wd1.myworkdayjobs.com/bah_jobs/job/McLean-VA/University---2027-Summer-Games-Data-Scientist-Intern---McLean--VA_R0248037/apply?utm_source=Simplify&ref=Simplify,https://bah.wd1.myworkdayjobs.com/bah_jobs/job/McLean-VA/University---2027-Summer-Games-Data-Scientist-Intern---McLean--VA_R0248037?utm_source=Simplify&ref=Simplify,applied,
2026-09-12T23:54:48.446554+00:00,Booz Allen,Systems Engineer Intern,https://bah.wd1.myworkdayjobs.com/bah_jobs/job/McLean-VA/University---2027-Summer-Games-Systems-Engineer-Intern---McLean--VA_R0248361/apply?utm_source=Simplify&ref=Simplify,https://bah.wd1.myworkdayjobs.com/bah_jobs/job/McLean-VA/University---2027-Summer-Games-Systems-Engineer-Intern---McLean--VA_R0248361?utm_source=Simplify&ref=Simplify,applied,
2026-09-12T23:55:23.232188+00:00,Booz Allen,Software Developer Intern - University,https://bah.wd1.myworkdayjobs.com/bah_jobs/job/McLean-VA/University--2027-Summer-Games-Software-Developer-Intern_R0248029/apply?utm_source=Simplify&ref=Simplify,https://bah.wd1.myworkdayjobs.com/bah_jobs/job/McLean-VA/University--2027-Summer-Games-Software-Developer-Intern_R0248029?utm_source=Simplify&ref=Simplify,applied,
2026-09-13T00:02:08.114747+00:00,Booz Allen,Systems Engineer Intern - University,https://bah.wd1.myworkdayjobs.com/bah_jobs/job/Rome-NY/University---2027-Summer-Games-Systems-Engineer-Intern---Rome--NY_R0248386/apply?utm_source=Simplify&ref=Simplify,https://bah.wd1.myworkdayjobs.com/bah_jobs/job/Rome-NY/University---2027-Summer-Games-Systems-Engineer-Intern---Rome--NY_R0248386?utm_source=Simplify&ref=Simplify,applied,
2026-09-13T00:07:05.350960+00:00,Booz Allen,Data Scientist Intern - Summer Games,https://bah.wd1.myworkdayjobs.com/bah_jobs/job/Rome-NY/University--2027-Summer-Games-Data-Scientist-Intern_R0248143/apply?utm_source=Simplify&ref=Simplify,https://bah.wd1.myworkdayjobs.com/bah_jobs/job/Rome-NY/University--2027-Summer-Games-Data-Scientist-Intern_R0248143?utm_source=Simplify&ref=Simplify,applied,
2026-09-13T00:12:35.568311+00:00,Booz Allen,Software Developer Intern - Summer Games,https://bah.wd1.myworkdayjobs.com/bah_jobs/job/Rome-NY/University--2027-Summer-Games-Software-Developer-Intern_R0248141/apply?utm_source=Simplify&ref=Simplify,https://bah.wd1.myworkdayjobs.com/bah_jobs/job/Rome-NY/University--2027-Summer-Games-Software-Developer-Intern_R0248141?utm_source=Simplify&ref=Simplify,applied,
2026-09-13T00:17:05.102212+00:00,Booz Allen,AI Software Developer Intern,https://bah.wd1.myworkdayjobs.com/bah_jobs/job/San-Diego-CA/AI-Software-Developer-Intern_R0248115/apply?utm_source=Simplify&ref=Simplify,https://bah.wd1.myworkdayjobs.com/bah_jobs/job/San-Diego-CA/AI-Software-Developer-Intern_R0248115?utm_source=Simplify&ref=Simplify,applied,
2026-09-13T00:23:53.052817+00:00,Booz Allen,Data Scientist Intern - University,https://bah.wd1.myworkdayjobs.com/bah_jobs/job/San-Diego-CA/University---2027-Summer-Games-Data-Scientist-Intern---San-Diego--CA_R0248045/apply?utm_source=Simplify&ref=Simplify,https://bah.wd1.myworkdayjobs.com/bah_jobs/job/San-Diego-CA/University---2027-Summer-Games-Data-Scientist-Intern---San-Diego--CA_R0248045?utm_source=Simplify&ref=Simplify,applied,
2026-09-13T00:29:30.193974+00:00,Booz Allen,Software Developer Intern - Summer Games,https://bah.wd1.myworkdayjobs.com/bah_jobs/job/San-Diego-CA/University---2027-Summer-Games-Software-Developer-Intern---San-Diego--CA_R0248038/apply?utm_source=Simplify&ref=Simplify,https://bah.wd1.myworkdayjobs.com/bah_jobs/job/San-Diego-CA/University---2027-Summer-Games-Software-Developer-Intern---San-Diego--CA_R0248038?utm_source=Simplify&ref=Simplify,applied,
2026-09-13T00:35:00.527654+00:00,Booz Allen,Systems Engineer Intern - Summer Games,https://bah.wd1.myworkdayjobs.com/bah_jobs/job/San-Diego-CA/University---2027-Summer-Games-Systems-Engineer-Intern---El-Segundo--CA_R0248366/apply?utm_source=Simplify&ref=Simplify,https://bah.wd1.myworkdayjobs.com/bah_jobs/job/San-Diego-CA/University---2027-Summer-Games-Systems-Engineer-Intern---El-Segundo--CA_R0248366?utm_source=Simplify&ref=Simplify,applied,
2026-09-13T00:42:06.704650+00:00,Booz Allen,Systems Engineer Intern,https://bah.wd1.myworkdayjobs.com/bah_jobs/job/San-Diego-CA/University---2027-Summer-Games-Systems-Engineer-Intern---San-Diego--CA_R0248365/apply?utm_source=Simplify&ref=Simplify,https://bah.wd1.myworkdayjobs.com/bah_jobs/job/San-Diego-CA/University---2027-Summer-Games-Systems-Engineer-Intern---San-Diego--CA_R0248365?utm_source=Simplify&ref=Simplify,applied,
2026-09-13T00:46:51.114006+00:00,Booz Allen,Quantum Computing Research Intern,https://bah.wd1.myworkdayjobs.com/bah_jobs/job/Washington-DC/University---Summer-2027-Quantum-Computing-Research-Intern_R0249046/apply?utm_source=Simplify&ref=Simplify,https://bah.wd1.myworkdayjobs.com/bah_jobs/job/Washington-DC/University---Summer-2027-Quantum-Computing-Research-Intern_R0249046?utm_source=Simplify&ref=Simplify,applied,
2026-09-13T00:55:01.851027+00:00,Baird,Capital Markets Compliance Data & Analytics Intern,https://baird.wd1.myworkdayjobs.com/careers/job/WI-Milwaukee/Internship---Capital-Markets-Compliance-Data---Analytics--Year-Round-_R2026962-2/apply?utm_source=Simplify&ref=Simplify,https://baird.wd1.myworkdayjobs.com/careers/job/WI-Milwaukee/Internship---Capital-Markets-Compliance-Data---Analytics--Year-Round-_R2026962-2?utm_source=Simplify&ref=Simplify,applied,
2026-09-13T01:28:34.680965+00:00,Barclays,Technology Developer Intern,https://barclays.wd3.myworkdayjobs.com/External_Career_Site_Barclays/job/Canary-Wharf-1-Churchill-Place/XMLNAME-2027-Technology-Developer-Summer-Internship-Programme-London_JR-0000129397/apply?utm_source=Simplify&ref=Simplify,https://barclays.wd3.myworkdayjobs.com/External_Career_Site_Barclays/job/Canary-Wharf-1-Churchill-Place/XMLNAME-2027-Technology-Developer-Summer-Internship-Programme-London_JR-0000129397?utm_source=Simplify&ref=Simplify,applied,
2026-09-13T02:02:40.082293+00:00,Barclays,Technology Developer Apprentice,https://barclays.wd3.myworkdayjobs.com/External_Career_Site_Barclays/job/Knutsford-Radbroke-Hall/XMLNAME-2027-Technology-Developer-Degree-Apprenticeship-Programme-Knutsford_JR-0000129443/apply?utm_source=Simplify&ref=Simplify,https://barclays.wd3.myworkdayjobs.com/External_Career_Site_Barclays/job/Knutsford-Radbroke-Hall/XMLNAME-2027-Technology-Developer-Degree-Apprenticeship-Programme-Knutsford_JR-0000129443?utm_source=Simplify&ref=Simplify,applied,
2026-09-13T02:11:22.574555+00:00,Barclays,Technology Developer Intern,https://barclays.wd3.myworkdayjobs.com/External_Career_Site_Barclays/job/Knutsford-Radbroke-Hall/XMLNAME-2027-Technology-Developer-Summer-Internship-Programme-Knutsford_JR-0000129381/apply?utm_source=Simplify&ref=Simplify,https://barclays.wd3.myworkdayjobs.com/External_Career_Site_Barclays/job/Knutsford-Radbroke-Hall/XMLNAME-2027-Technology-Developer-Summer-Internship-Programme-Knutsford_JR-0000129381?utm_source=Simplify&ref=Simplify,applied,
2026-09-13T02:19:28.357254+00:00,Barclays,Quantitative Finance Associate Intern,https://barclays.wd3.myworkdayjobs.com/External_Career_Site_Barclays/job/New-York-745-7th-Avenue/Quantitative-Finance-Associate-Summer-Internship-Program-2027-New-York_JR-0000128099/apply?utm_source=Simplify&ref=Simplify,https://barclays.wd3.myworkdayjobs.com/External_Career_Site_Barclays/job/New-York-745-7th-Avenue/Quantitative-Finance-Associate-Summer-Internship-Program-2027-New-York_JR-0000128099?utm_source=Simplify&ref=Simplify,applied,
2026-09-13T02:35:23.888558+00:00,Barclays,Technology Developer Intern - Programme,https://barclays.wd3.myworkdayjobs.com/External_Career_Site_Barclays/job/Northampton-Barclays-Campus-Pavilion-Drive/XMLNAME-2027-Technology-Developer-Summer-Internship-Programme-Northampton_JR-0000129379/apply?utm_source=Simplify&ref=Simplify,https://barclays.wd3.myworkdayjobs.com/External_Career_Site_Barclays/job/Northampton-Barclays-Campus-Pavilion-Drive/XMLNAME-2027-Technology-Developer-Summer-Internship-Programme-Northampton_JR-0000129379?utm_source=Simplify&ref=Simplify,applied,
2026-09-13T02:43:00.506188+00:00,Barclays,Technology Developer Intern,https://barclays.wd3.myworkdayjobs.com/External_Career_Site_Barclays/job/Wilmington-125-South-West-Street/XMLNAME-2027-Technology-Developer-Summer-Internship-Program-Wilmington_JR-0000123236/apply?utm_source=Simplify&ref=Simplify,https://barclays.wd3.myworkdayjobs.com/External_Career_Site_Barclays/job/Wilmington-125-South-West-Street/XMLNAME-2027-Technology-Developer-Summer-Internship-Program-Wilmington_JR-0000123236?utm_source=Simplify&ref=Simplify,applied,
2026-09-13T02:55:15.015289+00:00,Barr,GIS Specialist Intern,https://barr.wd1.myworkdayjobs.com/barrcareers/job/Salt-Lake-City-UT/Internship---GIS-Specialist--Hybrid-_R-102305-1/apply?utm_source=Simplify&ref=Simplify,https://barr.wd1.myworkdayjobs.com/barrcareers/job/Salt-Lake-City-UT/Internship---GIS-Specialist--Hybrid-_R-102305-1?utm_source=Simplify&ref=Simplify,applied,
2026-09-13T03:16:20.416860+00:00,Boeing,Applied Mathematician Intern - Engineering & Technology Innovation 🎓,https://boeing.wd1.myworkdayjobs.com/EXTERNAL_CAREERS/job/USA---North-Charleston-SC/Boeing-Engineering---Technology-Innovation-Graduate-Researcher-Program--Applied-Mathematician-Intern_JR2026523704/apply?utm_source=Simplify&ref=Simplify,https://boeing.wd1.myworkdayjobs.com/EXTERNAL_CAREERS/job/USA---North-Charleston-SC/Boeing-Engineering---Technology-Innovation-Graduate-Researcher-Program--Applied-Mathematician-Intern_JR2026523704?utm_source=Simplify&ref=Simplify,applied,
2026-09-13T03:28:24.202388+00:00,Brunswick,Systems Engineer Co-op - Software Engineering,https://brunswick.wd1.myworkdayjobs.com/en-US/search/job/Fond-du-Lac-WI/Mercury-Marine---Systems-Software-Engineering-Co-op_JR-051212/apply?utm_source=Simplify&ref=Simplify,https://brunswick.wd1.myworkdayjobs.com/en-US/search/job/Fond-du-Lac-WI/Mercury-Marine---Systems-Software-Engineering-Co-op_JR-051212?utm_source=Simplify&ref=Simplify,applied,
2026-09-13T03:31:39.604497+00:00,Brunswick,Advanced Manufacturing/Operations Analytics Engineering Co-op - Global Operations Excellence,https://brunswick.wd1.myworkdayjobs.com/en-US/search/job/Fond-du-Lac-WI/Mercury-Marine--Advanced-Manufacturing-Operations-Analytics-Engineering-Co-op_JR-051238/apply?utm_source=Simplify&ref=Simplify,https://brunswick.wd1.myworkdayjobs.com/en-US/search/job/Fond-du-Lac-WI/Mercury-Marine--Advanced-Manufacturing-Operations-Analytics-Engineering-Co-op_JR-051238?utm_source=Simplify&ref=Simplify,applied,
2026-09-13T03:35:57.493542+00:00,Brunswick,Power BI/Ops Analytics Co-op,https://brunswick.wd1.myworkdayjobs.com/en-US/search/job/Fond-du-Lac-WI/Mercury-Marine--Power-BI-Ops-Analytics-Co-op_JR-051236/apply?utm_source=Simplify&ref=Simplify,https://brunswick.wd1.myworkdayjobs.com/en-US/search/job/Fond-du-Lac-WI/Mercury-Marine--Power-BI-Ops-Analytics-Co-op_JR-051236?utm_source=Simplify&ref=Simplify,applied,
2026-09-13T03:47:55.815870+00:00,Burlington Stores,Sustainability Intern,https://burlington.wd5.myworkdayjobs.com/BurlingtonCareers/job/00000---Burlington-Corporate-Office/Sustainability-Intern---Summer-2027_R104521/apply?utm_source=Simplify&ref=Simplify,https://burlington.wd5.myworkdayjobs.com/BurlingtonCareers/job/00000---Burlington-Corporate-Office/Sustainability-Intern---Summer-2027_R104521?utm_source=Simplify&ref=Simplify,applied,
2026-09-13T03:55:38.890597+00:00,CACI,Configuration Control/Data Management Co-op - Engineering Department,https://caci.wd1.myworkdayjobs.com/external/job/Danbury-CT-US/Configuration-Control-Data-Management-Co-op---Spring---Summer-2027_331440/apply?utm_source=Simplify&ref=Simplify,https://caci.wd1.myworkdayjobs.com/external/job/Danbury-CT-US/Configuration-Control-Data-Management-Co-op---Spring---Summer-2027_331440?utm_source=Simplify&ref=Simplify,applied,
2026-09-13T03:59:39.648893+00:00,CACI,Software Engineer Co-op - Spring & Summer 2027,https://caci.wd1.myworkdayjobs.com/external/job/Danbury-CT-US/Software-Engineering-Co-op---Spring---Summer-2027_331356-1/apply?utm_source=Simplify&ref=Simplify,https://caci.wd1.myworkdayjobs.com/external/job/Danbury-CT-US/Software-Engineering-Co-op---Spring---Summer-2027_331356-1?utm_source=Simplify&ref=Simplify,applied,
2026-09-13T04:12:48.985960+00:00,CACI,Software Engineer Co-op - Summer & Fall 2027,https://caci.wd1.myworkdayjobs.com/external/job/Danbury-CT-US/Software-Engineering-Co-op---Summer---Fall-2027_331354/apply?utm_source=Simplify&ref=Simplify,https://caci.wd1.myworkdayjobs.com/external/job/Danbury-CT-US/Software-Engineering-Co-op---Summer---Fall-2027_331354?utm_source=Simplify&ref=Simplify,applied,
2026-09-13T04:16:43.385789+00:00,CACI,Software Developer/Data Scientist Intern - Summer 2027,https://caci.wd1.myworkdayjobs.com/external/job/Denver-CO-US/Software-Developer-Data-Scientist-Intern---Summer-2027_331120/apply?utm_source=Simplify&ref=Simplify,https://caci.wd1.myworkdayjobs.com/external/job/Denver-CO-US/Software-Developer-Data-Scientist-Intern---Summer-2027_331120?utm_source=Simplify&ref=Simplify,applied,
2026-09-13T04:23:54.395398+00:00,CACI,Software Engineer Intern,https://caci.wd1.myworkdayjobs.com/external/job/Denver-CO-US/Software-Engineering-Intern---Summer-2027_331543-1/apply?utm_source=Simplify&ref=Simplify,https://caci.wd1.myworkdayjobs.com/external/job/Denver-CO-US/Software-Engineering-Intern---Summer-2027_331543-1?utm_source=Simplify&ref=Simplify,applied,
2026-09-13T04:28:53.477154+00:00,CACI,Software Engineer Intern - Summer 2027,https://caci.wd1.myworkdayjobs.com/external/job/Lisle-IL-US/Software-Engineering-Intern---Summer-2027_331742/apply?utm_source=Simplify&ref=Simplify,https://caci.wd1.myworkdayjobs.com/external/job/Lisle-IL-US/Software-Engineering-Intern---Summer-2027_331742?utm_source=Simplify&ref=Simplify,applied,
2026-09-13T04:35:42.108921+00:00,CACI,Software Engineer Intern,https://caci.wd1.myworkdayjobs.com/external/job/Sarasota-FL-US/Software-Engineering-Intern---Summer-2027_331359/apply?utm_source=Simplify&ref=Simplify,https://caci.wd1.myworkdayjobs.com/external/job/Sarasota-FL-US/Software-Engineering-Intern---Summer-2027_331359?utm_source=Simplify&ref=Simplify,applied,
2026-09-13T04:39:15.910057+00:00,CACI,Software Engineer Intern,https://caci.wd1.myworkdayjobs.com/external/job/Ypsilanti-MI-US/Software-Engineer-Intern---Summer-2027_331648/apply?utm_source=Simplify&ref=Simplify,https://caci.wd1.myworkdayjobs.com/external/job/Ypsilanti-MI-US/Software-Engineer-Intern---Summer-2027_331648?utm_source=Simplify&ref=Simplify,applied,
2026-09-13T04:47:29.824614+00:00,Capital One,AI Engineer Intern 🎓,https://capitalone.wd12.myworkdayjobs.com/Capital_One/job/New-York-NY/Current-Master-s--AI-Engineering-Internship-Program---Summer-2027_R249109-1/apply?utm_source=Simplify&ref=Simplify,https://capitalone.wd12.myworkdayjobs.com/Capital_One/job/New-York-NY/Current-Master-s--AI-Engineering-Internship-Program---Summer-2027_R249109-1?utm_source=Simplify&ref=Simplify,applied,
2026-09-13T05:03:54.399463+00:00,C.H. Robinson,Software Engineer Intern,https://chrobinson.wd5.myworkdayjobs.com/CHRobinson/job/Eden-Prairie-MN-United-States-of-America/Software-Engineering-Internship-2027_R49323/apply?utm_source=Simplify&ref=Simplify,https://chrobinson.wd5.myworkdayjobs.com/CHRobinson/job/Eden-Prairie-MN-United-States-of-America/Software-Engineering-Internship-2027_R49323?utm_source=Simplify&ref=Simplify,applied,
2026-09-13T05:10:36.779655+00:00,CIBC,Software Engineer Intern,https://cibc.wd3.myworkdayjobs.com/campus/job/Chicago-IL/XMLNAME-2027-Summer-Intern---Software-Engineering_2618322/apply?utm_source=Simplify&ref=Simplify,https://cibc.wd3.myworkdayjobs.com/campus/job/Chicago-IL/XMLNAME-2027-Summer-Intern---Software-Engineering_2618322?utm_source=Simplify&ref=Simplify,applied,
2026-09-13T05:16:37.064606+00:00,Cigna Group,Data & Analytics Engineering Intern - Technology Development Program,https://cigna.wd5.myworkdayjobs.com/cignacareers/job/Bloomfield-CT/The-Cigna-Group-s-Technology-Development-Program---Data---Analytics-Engineering-Track-Summer-Internship_26009533/apply?utm_source=Simplify&ref=Simplify,https://cigna.wd5.myworkdayjobs.com/cignacareers/job/Bloomfield-CT/The-Cigna-Group-s-Technology-Development-Program---Data---Analytics-Engineering-Track-Summer-Internship_26009533?utm_source=Simplify&ref=Simplify,applied,
2026-09-13T05:23:53.426188+00:00,Cigna Group,Analytics Leadership Development Intern - ALDP 🎓,https://cigna.wd5.myworkdayjobs.com/cignacareers/job/CT-Bloomfield-900-Cottage-Grove-Rd-Wilde-Bldg/Analytics-Leadership-Development-Program--ALDP--Summer-Internship_26010711/apply?utm_source=Simplify&ref=Simplify,https://cigna.wd5.myworkdayjobs.com/cignacareers/job/CT-Bloomfield-900-Cottage-Grove-Rd-Wilde-Bldg/Analytics-Leadership-Development-Program--ALDP--Summer-Internship_26010711?utm_source=Simplify&ref=Simplify,applied,
2026-09-13T05:30:37.868138+00:00,Cigna Group,Artificial Intelligence Innovation Development Intern,https://cigna.wd5.myworkdayjobs.com/cignacareers/job/NC-Raleigh-701-Corporate-Center-Dr-STE-200/Ai-Innovation-Development-Program--AIIDP--Summer-internship_26010712/apply?utm_source=Simplify&ref=Simplify,https://cigna.wd5.myworkdayjobs.com/cignacareers/job/NC-Raleigh-701-Corporate-Center-Dr-STE-200/Ai-Innovation-Development-Program--AIIDP--Summer-internship_26010712?utm_source=Simplify&ref=Simplify,applied,
2026-09-13T05:35:53.747201+00:00,Cigna Group,Legal Operations Financial Data & AI Analytics Intern,https://cigna.wd5.myworkdayjobs.com/cignacareers/job/St-Louis-MO/Legal-Operations-Financial--Data---AI-Analytics-Intern_25016386/apply?utm_source=Simplify&ref=Simplify,https://cigna.wd5.myworkdayjobs.com/cignacareers/job/St-Louis-MO/Legal-Operations-Financial--Data---AI-Analytics-Intern_25016386?utm_source=Simplify&ref=Simplify,applied,
2026-09-13T05:41:19.414329+00:00,Cigna Group,Software Engineering Intern - Technology Development Program - Software Engineering Track,https://cigna.wd5.myworkdayjobs.com/cignacareers/job/St-Louis-MO/The-Cigna-Group-s-Technology-Development-Program----Software-Engineering-Track-Summer-Internship_26009527/apply?utm_source=Simplify&ref=Simplify,https://cigna.wd5.myworkdayjobs.com/cignacareers/job/St-Louis-MO/The-Cigna-Group-s-Technology-Development-Program----Software-Engineering-Track-Summer-Internship_26009527?utm_source=Simplify&ref=Simplify,applied,
2026-09-13T05:45:56.218387+00:00,Cigna Group,AI Engineer Intern,https://cigna.wd5.myworkdayjobs.com/cignacareers/job/TX-Austin-11501-Alterra-Pkwy-STE-500/The-Cigna-Group-s-Technology-Development-Program---AI-Engineering-Track-Summer-Internship_26009535/apply?utm_source=Simplify&ref=Simplify,https://cigna.wd5.myworkdayjobs.com/cignacareers/job/TX-Austin-11501-Alterra-Pkwy-STE-500/The-Cigna-Group-s-Technology-Development-Program---AI-Engineering-Track-Summer-Internship_26009535?utm_source=Simplify&ref=Simplify,applied,
2026-09-13T05:50:01.131926+00:00,Clarios,Category Analyst Intern,https://clarios.wd5.myworkdayjobs.com/clarioscareers/job/United-States-Wisconsin-Milwaukee/Category-Analyst-Intern--Summer-2027-_WD50036/apply?utm_source=Simplify&ref=Simplify,https://clarios.wd5.myworkdayjobs.com/clarioscareers/job/United-States-Wisconsin-Milwaukee/Category-Analyst-Intern--Summer-2027-_WD50036?utm_source=Simplify&ref=Simplify,applied,
2026-09-13T05:56:19.432618+00:00,Clarios,Forward Deployed Engineer Intern - Summer 2027,https://clarios.wd5.myworkdayjobs.com/clarioscareers/job/United-States-Wisconsin-Milwaukee/Forward-Deployed-Engineering-Intern--Summer-2027-_WD49962/apply?utm_source=Simplify&ref=Simplify,https://clarios.wd5.myworkdayjobs.com/clarioscareers/job/United-States-Wisconsin-Milwaukee/Forward-Deployed-Engineering-Intern--Summer-2027-_WD49962?utm_source=Simplify&ref=Simplify,applied,
2026-09-13T06:00:09.968367+00:00,Clarios,IT Digital/AI Intern - Summer 2027,https://clarios.wd5.myworkdayjobs.com/clarioscareers/job/United-States-Wisconsin-Milwaukee/IT-Digital-AI-Intern--Summer-2027-_WD49910/apply?utm_source=Simplify&ref=Simplify,https://clarios.wd5.myworkdayjobs.com/clarioscareers/job/United-States-Wisconsin-Milwaukee/IT-Digital-AI-Intern--Summer-2027-_WD49910?utm_source=Simplify&ref=Simplify,applied,
2026-09-13T06:06:49.413490+00:00,Continental Resources,Data Analyst Intern,https://clr.wd5.myworkdayjobs.com/CLR_Careers/job/Oklahoma-City-OK/Data-Analyst-Intern--Summer-2027-_R02591-1?utm_source=Simplify&ref=Simplify,https://clr.wd5.myworkdayjobs.com/CLR_Careers/job/Oklahoma-City-OK/Data-Analyst-Intern--Summer-2027-_R02591-1?utm_source=Simplify&ref=Simplify,applied,
2026-09-13T06:12:19.331023+00:00,Commerce Bank,IT Intern - Summer 2027,https://commercebank.wd1.myworkdayjobs.com/CommerceJobs/job/MO---Kansas-City-DowntownPlaza---Kansas-City---KC-Downtown-Trust-Building-922-Walnut-64106/Intern---IT--Summer-2027-_38395/apply?utm_source=Simplify&ref=Simplify,https://commercebank.wd1.myworkdayjobs.com/CommerceJobs/job/MO---Kansas-City-DowntownPlaza---Kansas-City---KC-Downtown-Trust-Building-922-Walnut-64106/Intern---IT--Summer-2027-_38395?utm_source=Simplify&ref=Simplify,applied,
2026-09-13T06:32:48.306793+00:00,COUNTRY Financial,Auto Product Analyst Intern,https://countryfinancial.wd5.myworkdayjobs.com/COUNTRYCorporateInternships/job/Bloomington-IL/Auto-Product-Analyst-Intern_R26_0000000995/apply?utm_source=Simplify&ref=Simplify,https://countryfinancial.wd5.myworkdayjobs.com/COUNTRYCorporateInternships/job/Bloomington-IL/Auto-Product-Analyst-Intern_R26_0000000995?utm_source=Simplify&ref=Simplify,applied,
2026-09-13T06:39:29.951839+00:00,COUNTRY Financial,Automation Developer Intern,https://countryfinancial.wd5.myworkdayjobs.com/COUNTRYCorporateInternships/job/Bloomington-IL/Automation-Developer-Intern_R26_0000001000/apply?utm_source=Simplify&ref=Simplify,https://countryfinancial.wd5.myworkdayjobs.com/COUNTRYCorporateInternships/job/Bloomington-IL/Automation-Developer-Intern_R26_0000001000?utm_source=Simplify&ref=Simplify,applied,
2026-09-13T06:44:15.659384+00:00,COUNTRY Financial,Information Technology Services Intern,https://countryfinancial.wd5.myworkdayjobs.com/COUNTRYCorporateInternships/job/Bloomington-IL/Information-Technology-Services-Intern_R26_0000000977/apply?utm_source=Simplify&ref=Simplify,https://countryfinancial.wd5.myworkdayjobs.com/COUNTRYCorporateInternships/job/Bloomington-IL/Information-Technology-Services-Intern_R26_0000000977?utm_source=Simplify&ref=Simplify,applied,
2026-09-13T06:50:24.755213+00:00,COUNTRY Financial,Market Analytics Intern,https://countryfinancial.wd5.myworkdayjobs.com/COUNTRYCorporateInternships/job/Bloomington-IL/Market-Analytics-Intern_R26_0000000948/apply?utm_source=Simplify&ref=Simplify,https://countryfinancial.wd5.myworkdayjobs.com/COUNTRYCorporateInternships/job/Bloomington-IL/Market-Analytics-Intern_R26_0000000948?utm_source=Simplify&ref=Simplify,applied,
2026-09-13T06:56:43.864696+00:00,Covestro,Digital R&D Intern,https://covestro.wd3.myworkdayjobs.com/cov_external/job/Pittsburgh-PA/Digital-R-D-Intern_JR-2026-02006?utm_source=Simplify&ref=Simplify,https://covestro.wd3.myworkdayjobs.com/cov_external/job/Pittsburgh-PA/Digital-R-D-Intern_JR-2026-02006?utm_source=Simplify&ref=Simplify,applied,
2026-09-13T07:08:48.286220+00:00,Cox,Data Scientist Intern,https://cox.wd1.myworkdayjobs.com/Cox_External_Career_Site_1/job/Atlanta-GA/Data-Scientist-Intern---Summer-2027--Atlanta--GA-_R202682164?utm_source=Simplify&ref=Simplify,https://cox.wd1.myworkdayjobs.com/Cox_External_Career_Site_1/job/Atlanta-GA/Data-Scientist-Intern---Summer-2027--Atlanta--GA-_R202682164?utm_source=Simplify&ref=Simplify,applied,
2026-09-13T07:16:21.388112+00:00,Dee Zee,Software Development Intern,https://deezee.wd108.myworkdayjobs.com/DeeZee_Careers/job/Des-Moines/Software-Development-Intern_REQ00368?utm_source=Simplify&ref=Simplify,https://deezee.wd108.myworkdayjobs.com/DeeZee_Careers/job/Des-Moines/Software-Development-Intern_REQ00368?utm_source=Simplify&ref=Simplify,applied,
2026-09-13T07:35:53.665162+00:00,DIRECTV,Product Development Intern - DIRECTV for Business,https://directv.wd1.myworkdayjobs.com/careers/job/Clarksburg-MD/DIRECTV-for-Business-Product-Development-Intern_R260276?utm_source=Simplify&ref=Simplify,https://directv.wd1.myworkdayjobs.com/careers/job/Clarksburg-MD/DIRECTV-for-Business-Product-Development-Intern_R260276?utm_source=Simplify&ref=Simplify,applied,
2026-09-13T07:40:45.382603+00:00,DIRECTV,Customer Operations Intern,https://directv.wd1.myworkdayjobs.com/careers/job/El-Segundo-CA/Customer-Operations-Intern_R260273?utm_source=Simplify&ref=Simplify,https://directv.wd1.myworkdayjobs.com/careers/job/El-Segundo-CA/Customer-Operations-Intern_R260273?utm_source=Simplify&ref=Simplify,applied,
2026-09-13T07:46:25.539962+00:00,DIRECTV,Operational Analytics Intern,https://directv.wd1.myworkdayjobs.com/careers/job/El-Segundo-CA/DIRECTV-for-Business--Operational-Analytics-Intern_R260282?utm_source=Simplify&ref=Simplify,https://directv.wd1.myworkdayjobs.com/careers/job/El-Segundo-CA/DIRECTV-for-Business--Operational-Analytics-Intern_R260282?utm_source=Simplify&ref=Simplify,applied,
2026-09-13T07:55:53.557017+00:00,DraftKings,Analytics Intern - Summer 2027,https://draftkings.wd1.myworkdayjobs.com/Campus_Career_Portal/job/Boston-MA/Analyst-Intern--Summer-2027-_JR14926?utm_source=Simplify&ref=Simplify,https://draftkings.wd1.myworkdayjobs.com/Campus_Career_Portal/job/Boston-MA/Analyst-Intern--Summer-2027-_JR14926?utm_source=Simplify&ref=Simplify,applied,
2026-09-13T08:03:15.196656+00:00,DraftKings,Analytics Intern - Summer 2027,https://draftkings.wd1.myworkdayjobs.com/Campus_Career_Portal/job/Boston-MA/Analyst-Intern--Summer-2027-_JR14927?utm_source=Simplify&ref=Simplify,https://draftkings.wd1.myworkdayjobs.com/Campus_Career_Portal/job/Boston-MA/Analyst-Intern--Summer-2027-_JR14927?utm_source=Simplify&ref=Simplify,applied,
2026-09-13T08:07:06.633528+00:00,DraftKings,Data Science Intern - Summer 2027,https://draftkings.wd1.myworkdayjobs.com/Campus_Career_Portal/job/Boston-MA/Data-Science-Intern--Summer-2027-_JR14958?utm_source=Simplify&ref=Simplify,https://draftkings.wd1.myworkdayjobs.com/Campus_Career_Portal/job/Boston-MA/Data-Science-Intern--Summer-2027-_JR14958?utm_source=Simplify&ref=Simplify,applied,
2026-09-13T08:10:50.161782+00:00,DraftKings,Software Engineer Intern - Summer 2027,https://draftkings.wd1.myworkdayjobs.com/Campus_Career_Portal/job/Boston-MA/Software-Engineer-Intern--Summer-2027-_JR14928?utm_source=Simplify&ref=Simplify,https://draftkings.wd1.myworkdayjobs.com/Campus_Career_Portal/job/Boston-MA/Software-Engineer-Intern--Summer-2027-_JR14928?utm_source=Simplify&ref=Simplify,applied,
2026-09-13T08:16:08.955885+00:00,DraftKings,Data Science Intern,https://draftkings.wd1.myworkdayjobs.com/Employee_Referral_Portal/job/Boston-MA/Data-Science-Intern-Referral--Summer-2027-_JR14960?utm_source=Simplify&ref=Simplify,https://draftkings.wd1.myworkdayjobs.com/Employee_Referral_Portal/job/Boston-MA/Data-Science-Intern-Referral--Summer-2027-_JR14960?utm_source=Simplify&ref=Simplify,applied,
2026-09-13T08:25:16.361029+00:00,DriveTime,Analytics Intern - Summer 2027,https://drivetime.wd1.myworkdayjobs.com/DriveTime/job/1720-W-Rio-Salado-Pkwy-Tempe-AZ-85281/Analytics-Intern--Summer-2027-_R16295?utm_source=Simplify&ref=Simplify,https://drivetime.wd1.myworkdayjobs.com/DriveTime/job/1720-W-Rio-Salado-Pkwy-Tempe-AZ-85281/Analytics-Intern--Summer-2027-_R16295?utm_source=Simplify&ref=Simplify,applied,
2026-09-13T08:30:37.959762+00:00,DriveTime,Database Engineer Intern,https://drivetime.wd1.myworkdayjobs.com/DriveTime/job/1720-W-Rio-Salado-Pkwy-Tempe-AZ-85281/Data-Engineer-Intern--Summer-2027-_R16300?utm_source=Simplify&ref=Simplify,https://drivetime.wd1.myworkdayjobs.com/DriveTime/job/1720-W-Rio-Salado-Pkwy-Tempe-AZ-85281/Data-Engineer-Intern--Summer-2027-_R16300?utm_source=Simplify&ref=Simplify,applied,
2026-09-13T08:36:30.490497+00:00,DriveTime,Data Science Intern - Summer 2027,https://drivetime.wd1.myworkdayjobs.com/DriveTime/job/1720-W-Rio-Salado-Pkwy-Tempe-AZ-85281/Data-Science-Intern--Summer-2027-_R16301?utm_source=Simplify&ref=Simplify,https://drivetime.wd1.myworkdayjobs.com/DriveTime/job/1720-W-Rio-Salado-Pkwy-Tempe-AZ-85281/Data-Science-Intern--Summer-2027-_R16301?utm_source=Simplify&ref=Simplify,applied,
2026-09-13T08:43:53.918606+00:00,DriveTime,Software Engineer Intern - Summer 2027,https://drivetime.wd1.myworkdayjobs.com/DriveTime/job/1720-W-Rio-Salado-Pkwy-Tempe-AZ-85281/Software-Engineer-Intern--Summer-2027-_R16294?utm_source=Simplify&ref=Simplify,https://drivetime.wd1.myworkdayjobs.com/DriveTime/job/1720-W-Rio-Salado-Pkwy-Tempe-AZ-85281/Software-Engineer-Intern--Summer-2027-_R16294?utm_source=Simplify&ref=Simplify,applied,
2026-09-13T08:49:00.309212+00:00,Ecolab,Research and Development Intern,https://ecolab.wd1.myworkdayjobs.com/ecolab_external/job/USA---Minnesota---Eagan/Research-and-Development-Intern_R00304540?utm_source=Simplify&ref=Simplify,https://ecolab.wd1.myworkdayjobs.com/ecolab_external/job/USA---Minnesota---Eagan/Research-and-Development-Intern_R00304540?utm_source=Simplify&ref=Simplify,applied,
2026-09-13T08:56:22.580425+00:00,Ecolab,Digital & AI Technology Intern,https://ecolab.wd1.myworkdayjobs.com/ecolab_external/job/USA---Minnesota---Saint-Paul/Digital---AI-Technology-Intern_R00303249?utm_source=Simplify&ref=Simplify,https://ecolab.wd1.myworkdayjobs.com/ecolab_external/job/USA---Minnesota---Saint-Paul/Digital---AI-Technology-Intern_R00303249?utm_source=Simplify&ref=Simplify,applied,
2026-09-13T09:04:59.448093+00:00,Ercot,IT Intern - Enterprise Data & AI Administration,https://ercot.wd1.myworkdayjobs.com/ercot_careers/job/Taylor-TX/Intern---IT--Enterprise-Data---AI-Administration_R2478?utm_source=Simplify&ref=Simplify,https://ercot.wd1.myworkdayjobs.com/ercot_careers/job/Taylor-TX/Intern---IT--Enterprise-Data---AI-Administration_R2478?utm_source=Simplify&ref=Simplify,applied,
2026-09-13T09:10:32.182376+00:00,Fannie Mae,Data Science Intern - Analytics & Modeling Program,https://fanniemae.wd1.myworkdayjobs.com/FannieMaeCareers/job/Washington-DC/Campus---Data-Science-Intern--Analytics---Modeling-Program-_JR2815?utm_source=Simplify&ref=Simplify,https://fanniemae.wd1.myworkdayjobs.com/FannieMaeCareers/job/Washington-DC/Campus---Data-Science-Intern--Analytics---Modeling-Program-_JR2815?utm_source=Simplify&ref=Simplify,applied,
2026-09-13T09:15:06.678710+00:00,Fannie Mae,Finance Analytics Intern - Analytics & Modeling Program,https://fanniemae.wd1.myworkdayjobs.com/FannieMaeCareers/job/Washington-DC/Campus---Finance-Analytics-Intern--Analytics---Modeling-Program-_JR2814?utm_source=Simplify&ref=Simplify,https://fanniemae.wd1.myworkdayjobs.com/FannieMaeCareers/job/Washington-DC/Campus---Finance-Analytics-Intern--Analytics---Modeling-Program-_JR2814?utm_source=Simplify&ref=Simplify,applied,
2026-09-13T09:33:19.772947+00:00,Teledyne,Software Engineer Intern,https://flir.wd1.myworkdayjobs.com/flircareers/job/US---Huntsville-AL/EADSIM-Software-Engineering-Intern--Summer-2027-_REQ36667?utm_source=Simplify&ref=Simplify,https://flir.wd1.myworkdayjobs.com/flircareers/job/US---Huntsville-AL/EADSIM-Software-Engineering-Intern--Summer-2027-_REQ36667?utm_source=Simplify&ref=Simplify,applied,
2026-09-13T09:39:33.484975+00:00,Teledyne,Software Engineer Intern - NHRC,https://flir.wd1.myworkdayjobs.com/flircareers/job/US---Huntsville-AL/NHRC-Software-Engineering-Internship--Summer-2027-_REQ36193?utm_source=Simplify&ref=Simplify,https://flir.wd1.myworkdayjobs.com/flircareers/job/US---Huntsville-AL/NHRC-Software-Engineering-Internship--Summer-2027-_REQ36193?utm_source=Simplify&ref=Simplify,applied,
2026-09-13T09:47:21.506971+00:00,Teledyne,Software Engineer Intern - NHRC,https://flir.wd1.myworkdayjobs.com/flircareers/job/US---Huntsville-AL/NHRC-Software-Engineering-Internship--Summer-2027-_REQ36194-2?utm_source=Simplify&ref=Simplify,https://flir.wd1.myworkdayjobs.com/flircareers/job/US---Huntsville-AL/NHRC-Software-Engineering-Internship--Summer-2027-_REQ36194-2?utm_source=Simplify&ref=Simplify,applied,
2026-09-13T09:51:14.398152+00:00,First National Bank,Data Engineering Intern,https://fnbcorp.wd501.myworkdayjobs.com/FNBCORP/job/Hermitage-PA/Summer-2027-Data-Engineering-Intern_2026-01712?utm_source=Simplify&ref=Simplify,https://fnbcorp.wd501.myworkdayjobs.com/FNBCORP/job/Hermitage-PA/Summer-2027-Data-Engineering-Intern_2026-01712?utm_source=Simplify&ref=Simplify,applied,
2026-09-13T09:57:08.481877+00:00,First National Bank,Data Engineering Intern,https://fnbcorp.wd501.myworkdayjobs.com/FNBCORP/job/Hermitage-PA/Summer-2027-Data-Engineering-Intern_2026-01713?utm_source=Simplify&ref=Simplify,https://fnbcorp.wd501.myworkdayjobs.com/FNBCORP/job/Hermitage-PA/Summer-2027-Data-Engineering-Intern_2026-01713?utm_source=Simplify&ref=Simplify,applied,
2026-09-13T10:02:45.509896+00:00,First National Bank,Data Engineer Intern,https://fnbcorp.wd501.myworkdayjobs.com/FNBCORP/job/Hermitage-PA/Summer-2027-Data-Engineering-Intern_2026-01714?utm_source=Simplify&ref=Simplify,https://fnbcorp.wd501.myworkdayjobs.com/FNBCORP/job/Hermitage-PA/Summer-2027-Data-Engineering-Intern_2026-01714?utm_source=Simplify&ref=Simplify,applied,
2026-09-13T10:06:42.369947+00:00,First National Bank,Data Management Intern - Data Quality and Governance,https://fnbcorp.wd501.myworkdayjobs.com/FNBCORP/job/Pittsburgh-PA/Summer-2026-Data-Management-Intern---Pittsburgh--PA_2026-01833?utm_source=Simplify&ref=Simplify,https://fnbcorp.wd501.myworkdayjobs.com/FNBCORP/job/Pittsburgh-PA/Summer-2026-Data-Management-Intern---Pittsburgh--PA_2026-01833?utm_source=Simplify&ref=Simplify,applied,
2026-09-13T10:11:44.323900+00:00,First National Bank,AI/Machine Learning Modeler Intern,https://fnbcorp.wd501.myworkdayjobs.com/FNBCORP/job/Pittsburgh-PA/Summer-2027-AI-ML-Modeler-Intern_2026-01851?utm_source=Simplify&ref=Simplify,https://fnbcorp.wd501.myworkdayjobs.com/FNBCORP/job/Pittsburgh-PA/Summer-2027-AI-ML-Modeler-Intern_2026-01851?utm_source=Simplify&ref=Simplify,applied,
2026-09-13T10:15:59.613184+00:00,First National Bank,AI and Innovation Intern,https://fnbcorp.wd501.myworkdayjobs.com/FNBCORP/job/Pittsburgh-PA/Summer-2027-AI-and-Innovation-Intern---Pittsburgh--PA_2026-01811?utm_source=Simplify&ref=Simplify,https://fnbcorp.wd501.myworkdayjobs.com/FNBCORP/job/Pittsburgh-PA/Summer-2027-AI-and-Innovation-Intern---Pittsburgh--PA_2026-01811?utm_source=Simplify&ref=Simplify,applied,
2026-09-13T10:20:40.255725+00:00,First National Bank,Application Development Intern,https://fnbcorp.wd501.myworkdayjobs.com/FNBCORP/job/Pittsburgh-PA/Summer-2027-Application-Development-Intern_2026-01847?utm_source=Simplify&ref=Simplify,https://fnbcorp.wd501.myworkdayjobs.com/FNBCORP/job/Pittsburgh-PA/Summer-2027-Application-Development-Intern_2026-01847?utm_source=Simplify&ref=Simplify,applied,
2026-09-13T10:27:09.608808+00:00,First National Bank,Data Science Intern,https://fnbcorp.wd501.myworkdayjobs.com/FNBCORP/job/Pittsburgh-PA/Summer-2027-Data-Science-Intern---Pittsburgh--PA_2026-02016?utm_source=Simplify&ref=Simplify,https://fnbcorp.wd501.myworkdayjobs.com/FNBCORP/job/Pittsburgh-PA/Summer-2027-Data-Science-Intern---Pittsburgh--PA_2026-02016?utm_source=Simplify&ref=Simplify,applied,
2026-09-13T10:27:33.731866+00:00,First National Bank,Enterprise Data Governance Intern - Data Quality and Governance,https://fnbcorp.wd501.myworkdayjobs.com/FNBCORP/job/Pittsburgh-PA/Summer-2027-Enterprise-Data-Governance-Intern_2026-01835-1?utm_source=Simplify&ref=Simplify,https://fnbcorp.wd501.myworkdayjobs.com/FNBCORP/job/Pittsburgh-PA/Summer-2027-Enterprise-Data-Governance-Intern_2026-01835-1?utm_source=Simplify&ref=Simplify,applied,
2026-09-13T10:32:22.002321+00:00,First National Bank,Enterprise Operations Intern - Multiple Teams,https://fnbcorp.wd501.myworkdayjobs.com/FNBCORP/job/Pittsburgh-PA/Summer-2027-Enterprise-Operations-Intern_2026-01839?utm_source=Simplify&ref=Simplify,https://fnbcorp.wd501.myworkdayjobs.com/FNBCORP/job/Pittsburgh-PA/Summer-2027-Enterprise-Operations-Intern_2026-01839?utm_source=Simplify&ref=Simplify,applied,
2026-09-13T10:38:21.120060+00:00,First National Bank,Retail Administration Analytics Intern,https://fnbcorp.wd501.myworkdayjobs.com/FNBCORP/job/Pittsburgh-PA/Summer-2027-Retail-Administration-Analytics-Intern_2026-02039?utm_source=Simplify&ref=Simplify,https://fnbcorp.wd501.myworkdayjobs.com/FNBCORP/job/Pittsburgh-PA/Summer-2027-Retail-Administration-Analytics-Intern_2026-02039?utm_source=Simplify&ref=Simplify,applied,
2026-09-13T11:15:36.011950+00:00,GE Aerospace,Applied AI Intern,https://geaerospace.wd5.myworkdayjobs.com/ge_externalsite/job/Evendale/Applied-AI-Engineer-Intern---Summer-2027--May-June-Start-_R5039302-1?utm_source=Simplify&ref=Simplify,https://geaerospace.wd5.myworkdayjobs.com/ge_externalsite/job/Evendale/Applied-AI-Engineer-Intern---Summer-2027--May-June-Start-_R5039302-1?utm_source=Simplify&ref=Simplify,applied,
2026-09-13T11:20:54.415146+00:00,GE Vernova,AI Digitization Co-op - HDNU Global Operations,https://gevernova.wd5.myworkdayjobs.com/only_confidential_executive_recruiting/job/Atlanta/GE-Vernova-HDNU-Global-Operations---AI-Digitization-Co-op---Spring-Summer-2027_R5049275-1?utm_source=Simplify&ref=Simplify,https://gevernova.wd5.myworkdayjobs.com/only_confidential_executive_recruiting/job/Atlanta/GE-Vernova-HDNU-Global-Operations---AI-Digitization-Co-op---Spring-Summer-2027_R5049275-1?utm_source=Simplify&ref=Simplify,applied,
2026-09-13T11:29:48.116021+00:00,GE Vernova,CIC Systems Engineer Co-op,https://gevernova.wd5.myworkdayjobs.com/only_confidential_executive_recruiting/job/Rochester/GE-Vernova-CIC-Systems-Engineer-Co-op---Summer-Fall-2027_R5051597-1?utm_source=Simplify&ref=Simplify,https://gevernova.wd5.myworkdayjobs.com/only_confidential_executive_recruiting/job/Rochester/GE-Vernova-CIC-Systems-Engineer-Co-op---Summer-Fall-2027_R5051597-1?utm_source=Simplify&ref=Simplify,applied,
2026-09-13T11:33:59.360238+00:00,GE Vernova,Software Engineer Co-op - Critical Infrastructure Communication,https://gevernova.wd5.myworkdayjobs.com/only_confidential_executive_recruiting/job/Rochester/GE-Vernova-Software-Engineering---Co-op---Spring-Summer-2027_R5051780-1?utm_source=Simplify&ref=Simplify,https://gevernova.wd5.myworkdayjobs.com/only_confidential_executive_recruiting/job/Rochester/GE-Vernova-Software-Engineering---Co-op---Spring-Summer-2027_R5051780-1?utm_source=Simplify&ref=Simplify,applied,
2026-09-13T11:39:26.869586+00:00,GE Vernova,Software Engineering Co-op - Critical Infrastructure Communication Engineering,https://gevernova.wd5.myworkdayjobs.com/only_confidential_executive_recruiting/job/Rochester/GE-Vernova-Software-Engineering---Co-op--Summer---Fall_R5051794-1?utm_source=Simplify&ref=Simplify,https://gevernova.wd5.myworkdayjobs.com/only_confidential_executive_recruiting/job/Rochester/GE-Vernova-Software-Engineering---Co-op--Summer---Fall_R5051794-1?utm_source=Simplify&ref=Simplify,applied,
2026-09-13T11:39:50.456495+00:00,GE Vernova,AI Digitization Co-op - HDNU Global Operations,https://gevernova.wd5.myworkdayjobs.com/vernova_externalsite/job/Atlanta/GE-Vernova-HDNU-Global-Operations---AI-Digitization-Co-op---Spring-Summer-2027_R5049275-2?utm_source=Simplify&ref=Simplify,https://gevernova.wd5.myworkdayjobs.com/vernova_externalsite/job/Atlanta/GE-Vernova-HDNU-Global-Operations---AI-Digitization-Co-op---Spring-Summer-2027_R5049275-2?utm_source=Simplify&ref=Simplify,applied,
2026-09-13T11:49:18.953431+00:00,GE Vernova,Energy Optimization Software Engineer Intern - Summer 2027 🎓,https://gevernova.wd5.myworkdayjobs.com/vernova_externalsite/job/Bellevue/GE-Vernova---Energy-Optimization-Software-Engineer-Intern---Summer-2027_R5050015-2?utm_source=Simplify&ref=Simplify,https://gevernova.wd5.myworkdayjobs.com/vernova_externalsite/job/Bellevue/GE-Vernova---Energy-Optimization-Software-Engineer-Intern---Summer-2027_R5050015-2?utm_source=Simplify&ref=Simplify,applied,
2026-09-13T11:59:04.168310+00:00,GE Vernova,Project Engineer Intern - Summer 2027 🎓,https://gevernova.wd5.myworkdayjobs.com/vernova_externalsite/job/Bellevue/GE-Vernova---Project-Engineer-Intern---Summer-2027_R5050026-2?utm_source=Simplify&ref=Simplify,https://gevernova.wd5.myworkdayjobs.com/vernova_externalsite/job/Bellevue/GE-Vernova---Project-Engineer-Intern---Summer-2027_R5050026-2?utm_source=Simplify&ref=Simplify,applied,
2026-09-13T11:59:23.318878+00:00,GE Vernova,CIC Systems Engineer Co-op,https://gevernova.wd5.myworkdayjobs.com/vernova_externalsite/job/Rochester/GE-Vernova-CIC-Systems-Engineer-Co-op---Spring---Summer-2027_R5051807-2?utm_source=Simplify&ref=Simplify,https://gevernova.wd5.myworkdayjobs.com/vernova_externalsite/job/Rochester/GE-Vernova-CIC-Systems-Engineer-Co-op---Spring---Summer-2027_R5051807-2?utm_source=Simplify&ref=Simplify,applied,
2026-09-13T11:59:51.845381+00:00,GE Vernova,CIC Systems Engineer Co-op,https://gevernova.wd5.myworkdayjobs.com/vernova_externalsite/job/Rochester/GE-Vernova-CIC-Systems-Engineer-Co-op---Summer-Fall-2027_R5051597-2?utm_source=Simplify&ref=Simplify,https://gevernova.wd5.myworkdayjobs.com/vernova_externalsite/job/Rochester/GE-Vernova-CIC-Systems-Engineer-Co-op---Summer-Fall-2027_R5051597-2?utm_source=Simplify&ref=Simplify,applied,
2026-09-13T12:00:25.328057+00:00,GE Vernova,Software Engineer Co-op - Critical Infrastructure Communication,https://gevernova.wd5.myworkdayjobs.com/vernova_externalsite/job/Rochester/GE-Vernova-Software-Engineering---Co-op---Spring-Summer-2027_R5051780-2?utm_source=Simplify&ref=Simplify,https://gevernova.wd5.myworkdayjobs.com/vernova_externalsite/job/Rochester/GE-Vernova-Software-Engineering---Co-op---Spring-Summer-2027_R5051780-2?utm_source=Simplify&ref=Simplify,applied,
2026-09-13T12:00:57.868645+00:00,GE Vernova,Software Engineering Co-op - Critical Infrastructure Communication Engineering,https://gevernova.wd5.myworkdayjobs.com/vernova_externalsite/job/Rochester/GE-Vernova-Software-Engineering---Co-op--Summer---Fall_R5051794-2?utm_source=Simplify&ref=Simplify,https://gevernova.wd5.myworkdayjobs.com/vernova_externalsite/job/Rochester/GE-Vernova-Software-Engineering---Co-op--Summer---Fall_R5051794-2?utm_source=Simplify&ref=Simplify,applied,
2026-09-13T12:09:08.353016+00:00,RTX,Software Engineer Intern,https://globalhr.wd5.myworkdayjobs.com/fr-CA/Private_Posting_No_TMP/job/US-CO-AURORA-S75--16800-E-Centretech-Pkwy--BLDG-S75/Software-Engineering-Intern--Summer-2027-_01870410?utm_source=Simplify&ref=Simplify,https://globalhr.wd5.myworkdayjobs.com/fr-CA/Private_Posting_No_TMP/job/US-CO-AURORA-S75--16800-E-Centretech-Pkwy--BLDG-S75/Software-Engineering-Intern--Summer-2027-_01870410?utm_source=Simplify&ref=Simplify,applied,
2026-09-13T12:16:30.851054+00:00,RTX,Software Engineering Intern,https://globalhr.wd5.myworkdayjobs.com/rec_rtx_ext_gateway/job/US-AL-HUNTSVILLE-382--420-Jan-Davis-Dr--DAVIS-382/Software-Engineering-Intern--Summer-2027-_01872655?utm_source=Simplify&ref=Simplify,https://globalhr.wd5.myworkdayjobs.com/rec_rtx_ext_gateway/job/US-AL-HUNTSVILLE-382--420-Jan-Davis-Dr--DAVIS-382/Software-Engineering-Intern--Summer-2027-_01872655?utm_source=Simplify&ref=Simplify,applied,
2026-09-13T12:16:59.162922+00:00,RTX,Software Engineer Intern - Summer 2027,https://globalhr.wd5.myworkdayjobs.com/rec_rtx_ext_gateway/job/US-CO-AURORA-S75--16800-E-Centretech-Pkwy--BLDG-S75/Software-Engineering-Intern--Summer-2027-_01873646?utm_source=Simplify&ref=Simplify,https://globalhr.wd5.myworkdayjobs.com/rec_rtx_ext_gateway/job/US-CO-AURORA-S75--16800-E-Centretech-Pkwy--BLDG-S75/Software-Engineering-Intern--Summer-2027-_01873646?utm_source=Simplify&ref=Simplify,applied,
2026-09-13T12:23:41.148781+00:00,RTX,Software Engineer Intern,https://globalhr.wd5.myworkdayjobs.com/rec_rtx_ext_gateway/job/US-CO-AURORA-S77--16470-E-Hughes-Dr--BLDG-S77/Software-Engineering-Intern--Summer-2027---Open-_01873623?utm_source=Simplify&ref=Simplify,https://globalhr.wd5.myworkdayjobs.com/rec_rtx_ext_gateway/job/US-CO-AURORA-S77--16470-E-Hughes-Dr--BLDG-S77/Software-Engineering-Intern--Summer-2027---Open-_01873623?utm_source=Simplify&ref=Simplify,applied,
2026-09-13T12:28:38.941487+00:00,RTX,Platform System Engineering Co-op,https://globalhr.wd5.myworkdayjobs.com/rec_rtx_ext_gateway/job/US-IA-CEDAR-RAPIDS-130--5350-C-Ave-NE--BLDG-130/Platform-System-Engineering-Co-op--2027----Onsite_01871078?utm_source=Simplify&ref=Simplify,https://globalhr.wd5.myworkdayjobs.com/rec_rtx_ext_gateway/job/US-IA-CEDAR-RAPIDS-130--5350-C-Ave-NE--BLDG-130/Platform-System-Engineering-Co-op--2027----Onsite_01871078?utm_source=Simplify&ref=Simplify,applied,
2026-09-13T12:35:57.015398+00:00,RTX,Software Engineer Intern - Summer/Fall 2027 - Mission Engineering / Operational Analysis,https://globalhr.wd5.myworkdayjobs.com/rec_rtx_ext_gateway/job/US-IA-CEDAR-RAPIDS-179--855-35Th-St-NE--BLDG-179/Software-Engineering-Intern--Summer-Fall-2027-_01873006?utm_source=Simplify&ref=Simplify,https://globalhr.wd5.myworkdayjobs.com/rec_rtx_ext_gateway/job/US-IA-CEDAR-RAPIDS-179--855-35Th-St-NE--BLDG-179/Software-Engineering-Intern--Summer-Fall-2027-_01873006?utm_source=Simplify&ref=Simplify,applied,
2026-09-13T12:41:24.084569+00:00,RTX,Software Engineer Co-op,https://globalhr.wd5.myworkdayjobs.com/rec_rtx_ext_gateway/job/US-IA-CEDAR-RAPIDS-182--1100-Cimmie-Ave-Ne--BLDG-182/Software-Engineer-Co-op--Summer-Fall-2027----Onsite_01871347?utm_source=Simplify&ref=Simplify,https://globalhr.wd5.myworkdayjobs.com/rec_rtx_ext_gateway/job/US-IA-CEDAR-RAPIDS-182--1100-Cimmie-Ave-Ne--BLDG-182/Software-Engineer-Co-op--Summer-Fall-2027----Onsite_01871347?utm_source=Simplify&ref=Simplify,applied,
2026-09-13T12:45:50.433031+00:00,RTX,Systems Co-op,https://globalhr.wd5.myworkdayjobs.com/rec_rtx_ext_gateway/job/US-IA-CEDAR-RAPIDS-182--1100-Cimmie-Ave-Ne--BLDG-182/XMLNAME-2027-Spring-Summer-Co-Op---Systems---AVI-MIL-FMS-DAS_01872835?utm_source=Simplify&ref=Simplify,https://globalhr.wd5.myworkdayjobs.com/rec_rtx_ext_gateway/job/US-IA-CEDAR-RAPIDS-182--1100-Cimmie-Ave-Ne--BLDG-182/XMLNAME-2027-Spring-Summer-Co-Op---Systems---AVI-MIL-FMS-DAS_01872835?utm_source=Simplify&ref=Simplify,applied,
2026-09-13T13:02:36.831255+00:00,United Parcel Service,Business Analytics Intern - Americas Region,https://hcmportal.wd5.myworkdayjobs.com/en-US/Search/job/US---UPS-CORPORATE-OFFICES-GACOR/Americas-Region-Business-Analytics-Summer-2027-Intern_R26030513?utm_source=Simplify&ref=Simplify,https://hcmportal.wd5.myworkdayjobs.com/en-US/Search/job/US---UPS-CORPORATE-OFFICES-GACOR/Americas-Region-Business-Analytics-Summer-2027-Intern_R26030513?utm_source=Simplify&ref=Simplify,applied,
2026-09-13T13:06:51.437102+00:00,United Parcel Service,Finance Analytics Intern - Global Finance,https://hcmportal.wd5.myworkdayjobs.com/en-US/Search/job/US---UPS-CORPORATE-OFFICES-GACOR/UPS-Global-Finance-Summer-2027-Analytics-Internship_R26030589?utm_source=Simplify&ref=Simplify,https://hcmportal.wd5.myworkdayjobs.com/en-US/Search/job/US---UPS-CORPORATE-OFFICES-GACOR/UPS-Global-Finance-Summer-2027-Analytics-Internship_R26030589?utm_source=Simplify&ref=Simplify,applied,
2026-09-13T13:35:48.151063+00:00,The Home Depot,Software Engineer Intern,https://homedepot.wd5.myworkdayjobs.com/careerdepot/job/STORE-SUPPORT-CENTER-ATLANTA---9090/XMLNAME-2027-Summer-Internship---Software-Engineering_Req191937?utm_source=Simplify&ref=Simplify,https://homedepot.wd5.myworkdayjobs.com/careerdepot/job/STORE-SUPPORT-CENTER-ATLANTA---9090/XMLNAME-2027-Summer-Internship---Software-Engineering_Req191937?utm_source=Simplify&ref=Simplify,applied,
2026-09-13T13:44:58.716431+00:00,Huntington Bancshares,Data and Analytics Intern,https://huntington.wd12.myworkdayjobs.com/HNBcareers/job/Columbus-OH/Summer-2027-Data-and-Analytics-Internship_R0075377?utm_source=Simplify&ref=Simplify,https://huntington.wd12.myworkdayjobs.com/HNBcareers/job/Columbus-OH/Summer-2027-Data-and-Analytics-Internship_R0075377?utm_source=Simplify&ref=Simplify,applied,
2026-09-13T13:50:20.403823+00:00,Hy-Vee,Data Analytics Intern,https://hyvee.wd1.myworkdayjobs.com/HyVeeCareers/job/Corporate-Office-Westown-Pkwy-West-Des-Moines-IA/Data-Analytics-Intern---Summer-2027_R250146?utm_source=Simplify&ref=Simplify,https://hyvee.wd1.myworkdayjobs.com/HyVeeCareers/job/Corporate-Office-Westown-Pkwy-West-Des-Moines-IA/Data-Analytics-Intern---Summer-2027_R250146?utm_source=Simplify&ref=Simplify,applied,
2026-09-13T13:56:13.689505+00:00,Hy-Vee,Data Integration Intern,https://hyvee.wd1.myworkdayjobs.com/HyVeeCareers/job/Corporate-Office-Westown-Pkwy-West-Des-Moines-IA/Data-Integration-Intern---Summer-2027_R250148?utm_source=Simplify&ref=Simplify,https://hyvee.wd1.myworkdayjobs.com/HyVeeCareers/job/Corporate-Office-Westown-Pkwy-West-Des-Moines-IA/Data-Integration-Intern---Summer-2027_R250148?utm_source=Simplify&ref=Simplify,applied,
2026-09-13T14:01:53.869812+00:00,Hy-Vee,Software Engineer Intern,https://hyvee.wd1.myworkdayjobs.com/HyVeeCareers/job/Corporate-Office-Westown-Pkwy-West-Des-Moines-IA/Digital-Software-Engineering-Intern---Summer-2027_R250133?utm_source=Simplify&ref=Simplify,https://hyvee.wd1.myworkdayjobs.com/HyVeeCareers/job/Corporate-Office-Westown-Pkwy-West-Des-Moines-IA/Digital-Software-Engineering-Intern---Summer-2027_R250133?utm_source=Simplify&ref=Simplify,applied,
2026-09-13T14:07:59.612958+00:00,IAT Insurance Group,Data & Integration Intern,https://iatinsurancegroup.wd1.myworkdayjobs.com/iat/job/Milwaukee-WI/Data---Integration-Internship_JR100404?utm_source=Simplify&ref=Simplify,https://iatinsurancegroup.wd1.myworkdayjobs.com/iat/job/Milwaukee-WI/Data---Integration-Internship_JR100404?utm_source=Simplify&ref=Simplify,applied,
2026-09-13T14:11:23.875785+00:00,ICF International,Software Developer Intern,https://icf.wd5.myworkdayjobs.com/icfexternal_career_site/job/Reston-VA/XMLNAME-2027-Summer-Intern--Software-Developer--Reston--VA-_R2603002?utm_source=Simplify&ref=Simplify,https://icf.wd5.myworkdayjobs.com/icfexternal_career_site/job/Reston-VA/XMLNAME-2027-Summer-Intern--Software-Developer--Reston--VA-_R2603002?utm_source=Simplify&ref=Simplify,applied,
2026-09-13T14:17:19.254148+00:00,Ingredion,Digital Innovation Intern,https://ingredion.wd1.myworkdayjobs.com/IngredionCareers/job/Bridgewater-NJ/Digital-Innovation-Intern_Req-40180-1?utm_source=Simplify&ref=Simplify,https://ingredion.wd1.myworkdayjobs.com/IngredionCareers/job/Bridgewater-NJ/Digital-Innovation-Intern_Req-40180-1?utm_source=Simplify&ref=Simplify,applied,
2026-09-13T14:25:07.765925+00:00,Intel,Software Engineer Intern,https://intel.wd1.myworkdayjobs.com/en-us/external/job/US-Oregon-Hillsboro/Software-Engineering---Intern--Bachelor-s_JR0286834?utm_source=Simplify&ref=Simplify,https://intel.wd1.myworkdayjobs.com/en-us/external/job/US-Oregon-Hillsboro/Software-Engineering---Intern--Bachelor-s_JR0286834?utm_source=Simplify&ref=Simplify,applied,
2026-09-13T14:31:10.376716+00:00,Intel,Software Engineer Intern 🎓,https://intel.wd1.myworkdayjobs.com/en-us/external/job/US-Oregon-Hillsboro/Software-Engineering---Intern--Graduate_JR0286836?utm_source=Simplify&ref=Simplify,https://intel.wd1.myworkdayjobs.com/en-us/external/job/US-Oregon-Hillsboro/Software-Engineering---Intern--Graduate_JR0286836?utm_source=Simplify&ref=Simplify,applied,
2026-09-13T14:39:46.816013+00:00,Johnson & Johnson,Data Science Co-op - Summer 2027,https://jj.wd5.myworkdayjobs.com/JJ/job/Cincinnati-Ohio-United-States-of-America/Data-Science-Co-Op--Summer-2027_R-096746?utm_source=Simplify&ref=Simplify,https://jj.wd5.myworkdayjobs.com/JJ/job/Cincinnati-Ohio-United-States-of-America/Data-Science-Co-Op--Summer-2027_R-096746?utm_source=Simplify&ref=Simplify,applied,
2026-09-13T14:49:40.371271+00:00,Johnson & Johnson,Quality Data Science Co-op - MD Q&C Digital Solutions,https://jj.wd5.myworkdayjobs.com/JJ/job/Cincinnati-Ohio-United-States-of-America/Quality-Data-Science-Co-op--Spring-2027_R-095792?utm_source=Simplify&ref=Simplify,https://jj.wd5.myworkdayjobs.com/JJ/job/Cincinnati-Ohio-United-States-of-America/Quality-Data-Science-Co-op--Spring-2027_R-095792?utm_source=Simplify&ref=Simplify,applied,
2026-09-13T15:07:50.162873+00:00,Leidos,Data Engineering & Analytics Intern,https://leidos.wd5.myworkdayjobs.com/External/job/Shiloh-IL/Data-Engineering---Analytics-Intern_R-00190672-1?utm_source=Simplify&ref=Simplify,https://leidos.wd5.myworkdayjobs.com/External/job/Shiloh-IL/Data-Engineering---Analytics-Intern_R-00190672-1?utm_source=Simplify&ref=Simplify,applied,
2026-09-13T15:18:12.328551+00:00,LPL Financial Holdings,Data Analytics Intern - FAR Program,https://lplfinancial.wd1.myworkdayjobs.com/university/job/Fort-MillCharlotte/Intern-2027---FAR-Program---Data-Analytics_R-052053?utm_source=Simplify&ref=Simplify,https://lplfinancial.wd1.myworkdayjobs.com/university/job/Fort-MillCharlotte/Intern-2027---FAR-Program---Data-Analytics_R-052053?utm_source=Simplify&ref=Simplify,applied,
2026-09-13T15:33:45.853829+00:00,Manulife Financial,Software Engineering Intern,https://manulife.wd3.myworkdayjobs.com/en-US/MFCJH_Jobs/job/Boston-Massachusetts/Summer-Intern-2027---Software-Engineering_JR26081680?utm_source=Simplify&ref=Simplify,https://manulife.wd3.myworkdayjobs.com/en-US/MFCJH_Jobs/job/Boston-Massachusetts/Summer-Intern-2027---Software-Engineering_JR26081680?utm_source=Simplify&ref=Simplify,applied,
2026-09-13T15:40:13.723197+00:00,Manulife Financial,Software Engineering Intern,https://manulife.wd3.myworkdayjobs.com/en-US/MFCJH_Jobs/job/Toronto-Ontario/Summer-Intern-2027---Software-Engineering_JR26081684?utm_source=Simplify&ref=Simplify,https://manulife.wd3.myworkdayjobs.com/en-US/MFCJH_Jobs/job/Toronto-Ontario/Summer-Intern-2027---Software-Engineering_JR26081684?utm_source=Simplify&ref=Simplify,applied,
2026-09-13T15:49:08.006951+00:00,Manulife Financial,Quantitative Analyst Co-op Intern - Derivative and Asset Modeling 🎓,https://manulife.wd3.myworkdayjobs.com/en-US/MFCJH_Jobs/job/Toronto-Ontario/XMLNAME-2027-Canada-Summer-Co-op---Quantitative-Analyst_JR26080358?utm_source=Simplify&ref=Simplify,https://manulife.wd3.myworkdayjobs.com/en-US/MFCJH_Jobs/job/Toronto-Ontario/XMLNAME-2027-Canada-Summer-Co-op---Quantitative-Analyst_JR26080358?utm_source=Simplify&ref=Simplify,applied,
2026-09-13T16:00:36.708630+00:00,Manulife Financial,Reporting Analyst Intern,https://manulife.wd3.myworkdayjobs.com/en-US/MFCJH_Jobs/job/Toronto-Ontario/XMLNAME-2027-Canada-Summer-Co-op---Reporting-Analyst_JR26080667?utm_source=Simplify&ref=Simplify,https://manulife.wd3.myworkdayjobs.com/en-US/MFCJH_Jobs/job/Toronto-Ontario/XMLNAME-2027-Canada-Summer-Co-op---Reporting-Analyst_JR26080667?utm_source=Simplify&ref=Simplify,applied,
2026-09-13T16:00:59.726789+00:00,Manulife Financial,Reporting Analyst Co-op,https://manulife.wd3.myworkdayjobs.com/en-US/MFCJH_Jobs/job/Toronto-Ontario/XMLNAME-2027-Canada-Winter-Co-op---Reporting-Analyst_JR26080665?utm_source=Simplify&ref=Simplify,https://manulife.wd3.myworkdayjobs.com/en-US/MFCJH_Jobs/job/Toronto-Ontario/XMLNAME-2027-Canada-Winter-Co-op---Reporting-Analyst_JR26080665?utm_source=Simplify&ref=Simplify,applied,
2026-09-13T16:16:21.584749+00:00,McKesson,Software Engineer Intern,https://mckesson.wd3.myworkdayjobs.com/External_Careers/job/USA-CO-Longmont/Software-Engineer-Intern---Summer-2027_JR0152742?utm_source=Simplify&ref=Simplify,https://mckesson.wd3.myworkdayjobs.com/External_Careers/job/USA-CO-Longmont/Software-Engineer-Intern---Summer-2027_JR0152742?utm_source=Simplify&ref=Simplify,applied,
2026-09-13T16:27:37.063806+00:00,McKesson,Data Analyst Intern,https://mckesson.wd3.myworkdayjobs.com/External_Careers/job/USA-OH-Columbus/Data-Analyst-Intern---Summer-2027_JR0150844?utm_source=Simplify&ref=Simplify,https://mckesson.wd3.myworkdayjobs.com/External_Careers/job/USA-OH-Columbus/Data-Analyst-Intern---Summer-2027_JR0150844?utm_source=Simplify&ref=Simplify,applied,
2026-09-13T16:36:58.039542+00:00,McKesson,Software Development Intern - Summer 2027,https://mckesson.wd3.myworkdayjobs.com/External_Careers/job/USA-TX-Irving/Software-Development-Intern---Summer-2027_JR0152635?utm_source=Simplify&ref=Simplify,https://mckesson.wd3.myworkdayjobs.com/External_Careers/job/USA-TX-Irving/Software-Development-Intern---Summer-2027_JR0152635?utm_source=Simplify&ref=Simplify,applied,
2026-09-13T16:42:39.193433+00:00,Medline,Business Intelligence Development/Analytics Intern,https://medline.wd5.myworkdayjobs.com/en-US/Medline/job/Northbrook-Illinois/IT-Business-Intelligence-Development-Analytics-Intern---Summer-2027_R2617383?utm_source=Simplify&ref=Simplify,https://medline.wd5.myworkdayjobs.com/en-US/Medline/job/Northbrook-Illinois/IT-Business-Intelligence-Development-Analytics-Intern---Summer-2027_R2617383?utm_source=Simplify&ref=Simplify,applied,
2026-09-13T16:48:41.279455+00:00,Medline,RPA & Agentic AI Software Technologies Intern - Summer 2027,https://medline.wd5.myworkdayjobs.com/en-US/Medline/job/Northbrook-Illinois/RPA---Agentic-AI-Software-Technologies-Intern---Summer-2027_R2617378?utm_source=Simplify&ref=Simplify,https://medline.wd5.myworkdayjobs.com/en-US/Medline/job/Northbrook-Illinois/RPA---Agentic-AI-Software-Technologies-Intern---Summer-2027_R2617378?utm_source=Simplify&ref=Simplify,applied,
2026-09-13T17:00:39.200773+00:00,Medline,Software Engineer Intern - Summer 2027,https://medline.wd5.myworkdayjobs.com/en-US/Medline/job/Northbrook-Illinois/Software-Engineering-Intern---Summer-2027_R2617623?utm_source=Simplify&ref=Simplify,https://medline.wd5.myworkdayjobs.com/en-US/Medline/job/Northbrook-Illinois/Software-Engineering-Intern---Summer-2027_R2617623?utm_source=Simplify&ref=Simplify,applied,
2026-09-13T17:06:16.682074+00:00,Meijer,Data Science Intern,https://meijer.wd5.myworkdayjobs.com/en-US/Meijer/job/Grand-Rapids-MI/Data-Science-Intern---Summer-2027_R000699579?utm_source=Simplify&ref=Simplify,https://meijer.wd5.myworkdayjobs.com/en-US/Meijer/job/Grand-Rapids-MI/Data-Science-Intern---Summer-2027_R000699579?utm_source=Simplify&ref=Simplify,applied,
2026-09-13T17:10:52.994477+00:00,Meijer,Store Analytics Intern,https://meijer.wd5.myworkdayjobs.com/en-US/Meijer/job/Grand-Rapids-MI/Store-Analytics-Intern--Summer-2027_R000698651?utm_source=Simplify&ref=Simplify,https://meijer.wd5.myworkdayjobs.com/en-US/Meijer/job/Grand-Rapids-MI/Store-Analytics-Intern--Summer-2027_R000698651?utm_source=Simplify&ref=Simplify,applied,
2026-09-13T17:19:46.892922+00:00,Michelin,Data Engineering Intern,https://michelinhr.wd3.myworkdayjobs.com/Michelin/job/ARDMORE-OK/Summer-2027-Internship--Data-Engineering---Ardmore--OK-_R-2026030979?utm_source=Simplify&ref=Simplify,https://michelinhr.wd3.myworkdayjobs.com/Michelin/job/ARDMORE-OK/Summer-2027-Internship--Data-Engineering---Ardmore--OK-_R-2026030979?utm_source=Simplify&ref=Simplify,applied,
2026-09-13T17:25:50.984884+00:00,Marsh,Summer Analyst Intern - Data and Analytics,https://mmc.wd1.myworkdayjobs.com/en-US/MMC/job/Toronto---Bremner/Oliver-Wyman---Summer-Analyst-2027---Data-and-Analytics--DNA----Toronto_R_363727-1?utm_source=Simplify&ref=Simplify,https://mmc.wd1.myworkdayjobs.com/en-US/MMC/job/Toronto---Bremner/Oliver-Wyman---Summer-Analyst-2027---Data-and-Analytics--DNA----Toronto_R_363727-1?utm_source=Simplify&ref=Simplify,applied,
2026-09-13T17:29:12.978865+00:00,Momentive,Data Science Intern - Enterprise Reporting & Analytics,https://momentive.wd1.myworkdayjobs.com/MC/job/US-NY-Niskayuna/Summer-2027-Intern---Enterprise-Reporting---Analytics---Data-Science_R9807-1?utm_source=Simplify&ref=Simplify,https://momentive.wd1.myworkdayjobs.com/MC/job/US-NY-Niskayuna/Summer-2027-Intern---Enterprise-Reporting---Analytics---Data-Science_R9807-1?utm_source=Simplify&ref=Simplify,applied,
2026-09-13T17:35:00.533287+00:00,Momentive,Software Development Intern,https://momentive.wd1.myworkdayjobs.com/MC/job/US-NY-Niskayuna/Summer-2027-Intern---Software-Development_R9756?utm_source=Simplify&ref=Simplify,https://momentive.wd1.myworkdayjobs.com/MC/job/US-NY-Niskayuna/Summer-2027-Intern---Software-Development_R9756?utm_source=Simplify&ref=Simplify,applied,
2026-09-13T17:41:20.581181+00:00,Momentive,Service Quality Intern,https://momentive.wd1.myworkdayjobs.com/MC/job/US-NY-Waterford/Summer-2027-Intern---Service-Quality_R9767?utm_source=Simplify&ref=Simplify,https://momentive.wd1.myworkdayjobs.com/MC/job/US-NY-Waterford/Summer-2027-Intern---Service-Quality_R9767?utm_source=Simplify&ref=Simplify,applied,
2026-09-13T17:45:31.303213+00:00,Momentive,Environmental Protection Intern,https://momentive.wd1.myworkdayjobs.com/MC/job/US-WV-Friendly/Summer-2027-Environmental-Protection-Intern_R9805?utm_source=Simplify&ref=Simplify,https://momentive.wd1.myworkdayjobs.com/MC/job/US-WV-Friendly/Summer-2027-Environmental-Protection-Intern_R9805?utm_source=Simplify&ref=Simplify,applied,
2026-09-13T18:07:57.938442+00:00,Motorola,Software Engineer Intern,https://motorolasolutions.wd5.myworkdayjobs.com/Careers/job/Chicago-IL/Software-Engineering-Intern---Summer-2027_R68388?utm_source=Simplify&ref=Simplify,https://motorolasolutions.wd5.myworkdayjobs.com/Careers/job/Chicago-IL/Software-Engineering-Intern---Summer-2027_R68388?utm_source=Simplify&ref=Simplify,applied,
2026-09-13T18:15:54.944004+00:00,Motorola,Android Platform Software Engineer Intern - Summer 2027,https://motorolasolutions.wd5.myworkdayjobs.com/Careers/job/Plantation-FL/Android-Platform-Software-Engineering-Intern---Summer-2027_R68363?utm_source=Simplify&ref=Simplify,https://motorolasolutions.wd5.myworkdayjobs.com/Careers/job/Plantation-FL/Android-Platform-Software-Engineering-Intern---Summer-2027_R68363?utm_source=Simplify&ref=Simplify,applied,
2026-09-13T18:33:13.123520+00:00,Merck,Optical Imaging Data Science Intern,https://msd.wd5.myworkdayjobs.com/searchjobs/job/USA---Massachusetts---Boston-MA-Parcel-B-Laboratory/XMLNAME-2027-Future-Talent-Program---Optical-Imaging-Data-Science-Intern---Intern_R412885?utm_source=Simplify&ref=Simplify,https://msd.wd5.myworkdayjobs.com/searchjobs/job/USA---Massachusetts---Boston-MA-Parcel-B-Laboratory/XMLNAME-2027-Future-Talent-Program---Optical-Imaging-Data-Science-Intern---Intern_R412885?utm_source=Simplify&ref=Simplify,applied,
2026-09-13T18:45:28.788709+00:00,Merck,Global Data Management and Standards Intern,https://msd.wd5.myworkdayjobs.com/searchjobs/job/USA---New-Jersey---Rahway/XMLNAME-2027-Future-Talent-Program---Global-Data-Management-and-Standards--GDMS----Intern_R412060?utm_source=Simplify&ref=Simplify,https://msd.wd5.myworkdayjobs.com/searchjobs/job/USA---New-Jersey---Rahway/XMLNAME-2027-Future-Talent-Program---Global-Data-Management-and-Standards--GDMS----Intern_R412060?utm_source=Simplify&ref=Simplify,applied,
2026-09-13T18:57:13.423933+00:00,Merck,Digital Strategy & Insights Intern - Global Supplier Management Group,https://msd.wd5.myworkdayjobs.com/searchjobs/job/USA---New-Jersey---Rahway/XMLNAME-2027-Future-Talent-Program---Global-Supplier-Management-Group-Digital-Strategy---Insights--DS-I----Intern_R416016?utm_source=Simplify&ref=Simplify,https://msd.wd5.myworkdayjobs.com/searchjobs/job/USA---New-Jersey---Rahway/XMLNAME-2027-Future-Talent-Program---Global-Supplier-Management-Group-Digital-Strategy---Insights--DS-I----Intern_R416016?utm_source=Simplify&ref=Simplify,applied,
2026-09-13T19:06:58.395387+00:00,Merck,Co-op,https://msd.wd5.myworkdayjobs.com/searchjobs/job/USA---New-Jersey---Rahway/XMLNAME-2027-Future-Talent-Program---Global-Workplace---Enterprise-Services-Global-Real-Estate--GRES--Co-op_R415296?utm_source=Simplify&ref=Simplify,https://msd.wd5.myworkdayjobs.com/searchjobs/job/USA---New-Jersey---Rahway/XMLNAME-2027-Future-Talent-Program---Global-Workplace---Enterprise-Services-Global-Real-Estate--GRES--Co-op_R415296?utm_source=Simplify&ref=Simplify,applied,
2026-09-13T19:26:27.065545+00:00,Merck,Information Science Intern - Future Talent Program,https://msd.wd5.myworkdayjobs.com/searchjobs/job/USA---New-Jersey---Rahway/XMLNAME-2027-Future-Talent-Program---Information-Science---Intern_R413651?utm_source=Simplify&ref=Simplify,https://msd.wd5.myworkdayjobs.com/searchjobs/job/USA---New-Jersey---Rahway/XMLNAME-2027-Future-Talent-Program---Information-Science---Intern_R413651?utm_source=Simplify&ref=Simplify,applied,
2026-09-13T19:33:55.386452+00:00,Merck,Business Intelligence Intern - Research Lab,https://msd.wd5.myworkdayjobs.com/searchjobs/job/USA---Pennsylvania---North-Wales-Upper-Gwynedd/XMLNAME-2027-Future-Talent-Program---Business-Intelligence---Intern_R412411?utm_source=Simplify&ref=Simplify,https://msd.wd5.myworkdayjobs.com/searchjobs/job/USA---Pennsylvania---North-Wales-Upper-Gwynedd/XMLNAME-2027-Future-Talent-Program---Business-Intelligence---Intern_R412411?utm_source=Simplify&ref=Simplify,applied,
2026-09-13T19:46:08.374305+00:00,Merck,Medical Data Scientist Intern,https://msd.wd5.myworkdayjobs.com/searchjobs/job/USA---Pennsylvania---North-Wales-Upper-Gwynedd/XMLNAME-2027-Future-Talent-Program---Medical-Data-Scientist---Intern_R412403?utm_source=Simplify&ref=Simplify,https://msd.wd5.myworkdayjobs.com/searchjobs/job/USA---Pennsylvania---North-Wales-Upper-Gwynedd/XMLNAME-2027-Future-Talent-Program---Medical-Data-Scientist---Intern_R412403?utm_source=Simplify&ref=Simplify,applied,
2026-09-13T19:54:31.690577+00:00,Merck,Portfolio Resource Forecasting Intern,https://msd.wd5.myworkdayjobs.com/searchjobs/job/USA---Pennsylvania---North-Wales-Upper-Gwynedd/XMLNAME-2027-Future-Talent-Program---Portfolio-Resource-Forecasting---Intern_R414068?utm_source=Simplify&ref=Simplify,https://msd.wd5.myworkdayjobs.com/searchjobs/job/USA---Pennsylvania---North-Wales-Upper-Gwynedd/XMLNAME-2027-Future-Talent-Program---Portfolio-Resource-Forecasting---Intern_R414068?utm_source=Simplify&ref=Simplify,applied,
2026-09-13T20:04:00.502424+00:00,Merck,Computational Toxicology Intern - AI/ML Computational Toxicology,https://msd.wd5.myworkdayjobs.com/searchjobs/job/USA---Pennsylvania---West-Point/XMLNAME-2027-Future-Talent-Program---AI-ML-Computational-Toxicology---Intern_R412871?utm_source=Simplify&ref=Simplify,https://msd.wd5.myworkdayjobs.com/searchjobs/job/USA---Pennsylvania---West-Point/XMLNAME-2027-Future-Talent-Program---AI-ML-Computational-Toxicology---Intern_R412871?utm_source=Simplify&ref=Simplify,applied,
2026-09-13T20:18:29.517617+00:00,Merck,Intern,https://msd.wd5.myworkdayjobs.com/searchjobs/job/USA---Pennsylvania---West-Point/XMLNAME-2027-Future-Talent-Program---Standardizing-Automation-Scripting-Practices-Through-AI-Enabled-Knowledge-Repository---Intern_R412939?utm_source=Simplify&ref=Simplify,https://msd.wd5.myworkdayjobs.com/searchjobs/job/USA---Pennsylvania---West-Point/XMLNAME-2027-Future-Talent-Program---Standardizing-Automation-Scripting-Practices-Through-AI-Enabled-Knowledge-Repository---Intern_R412939?utm_source=Simplify&ref=Simplify,applied,
2026-09-13T20:27:15.253548+00:00,Nationwide,Analytic Consulting Advisor Intern,https://nationwide.wd1.myworkdayjobs.com/Nationwide_Career/job/Ohio---Columbus-Metro/Summer-2027-Analytic-Consulting-Advisor-Internship_100235?utm_source=Simplify&ref=Simplify,https://nationwide.wd1.myworkdayjobs.com/Nationwide_Career/job/Ohio---Columbus-Metro/Summer-2027-Analytic-Consulting-Advisor-Internship_100235?utm_source=Simplify&ref=Simplify,applied,
2026-09-13T20:32:04.293048+00:00,Nationwide,Feature Engineer Intern - Enterprise Analytics Office,https://nationwide.wd1.myworkdayjobs.com/Nationwide_Career/job/Ohio---Columbus-Metro/Summer-2027-Feature-Engineer-Internship_100233?utm_source=Simplify&ref=Simplify,https://nationwide.wd1.myworkdayjobs.com/Nationwide_Career/job/Ohio---Columbus-Metro/Summer-2027-Feature-Engineer-Internship_100233?utm_source=Simplify&ref=Simplify,applied,
2026-09-13T20:37:00.287224+00:00,Nationwide,Generative AI Intern,https://nationwide.wd1.myworkdayjobs.com/Nationwide_Career/job/Ohio---Columbus-Metro/Summer-2027-Generative-AI-Internship_100231?utm_source=Simplify&ref=Simplify,https://nationwide.wd1.myworkdayjobs.com/Nationwide_Career/job/Ohio---Columbus-Metro/Summer-2027-Generative-AI-Internship_100231?utm_source=Simplify&ref=Simplify,applied,
2026-09-13T20:41:53.989828+00:00,Nationwide,Personal Lines Sales Business Analyst Intern,https://nationwide.wd1.myworkdayjobs.com/Nationwide_Career/job/Ohio---Columbus-One-Nationwide-Plaza/Summer-2027-Personal-Lines-Sales-Business-Analyst-Intern_100038?utm_source=Simplify&ref=Simplify,https://nationwide.wd1.myworkdayjobs.com/Nationwide_Career/job/Ohio---Columbus-One-Nationwide-Plaza/Summer-2027-Personal-Lines-Sales-Business-Analyst-Intern_100038?utm_source=Simplify&ref=Simplify,applied,
2026-09-13T20:46:32.470129+00:00,Nationwide,State Product Analyst Intern - Personal Lines,https://nationwide.wd1.myworkdayjobs.com/Nationwide_Career/job/Ohio---Columbus-One-Nationwide-Plaza/Summer-2027-State-Product-Analyst-Intern---Personal-Lines_099794?utm_source=Simplify&ref=Simplify,https://nationwide.wd1.myworkdayjobs.com/Nationwide_Career/job/Ohio---Columbus-One-Nationwide-Plaza/Summer-2027-State-Product-Analyst-Intern---Personal-Lines_099794?utm_source=Simplify&ref=Simplify,applied,
2026-09-13T20:54:10.959126+00:00,BlueCross BlueShield of Nebraska,Data Intern - Data Science - Data Analytics,https://nebraskablue.wd1.myworkdayjobs.com/BCBSNE/job/Omaha-NE/Data-Intern--Summer-2027_JR101406/apply?utm_source=Simplify&ref=Simplify,https://nebraskablue.wd1.myworkdayjobs.com/BCBSNE/job/Omaha-NE/Data-Intern--Summer-2027_JR101406?utm_source=Simplify&ref=Simplify,applied,
2026-09-13T20:59:52.268794+00:00,BlueCross BlueShield of Nebraska,Healthcare Reimbursement Analytics Intern - Summer 2027,https://nebraskablue.wd1.myworkdayjobs.com/BCBSNE/job/Omaha-NE/Healthcare-Reimbursement-Analytics-Intern---Summer-2027_JR101410/apply?utm_source=Simplify&ref=Simplify,https://nebraskablue.wd1.myworkdayjobs.com/BCBSNE/job/Omaha-NE/Healthcare-Reimbursement-Analytics-Intern---Summer-2027_JR101410?utm_source=Simplify&ref=Simplify,applied,
2026-09-13T21:11:28.259318+00:00,Newrez,Software Developer Intern,https://newrez.wd1.myworkdayjobs.com/NRZ/job/TX-Coppell/XMLNAME-2027-Summer-Internship---Software-Developer_R10390?utm_source=Simplify&ref=Simplify,https://newrez.wd1.myworkdayjobs.com/NRZ/job/TX-Coppell/XMLNAME-2027-Summer-Internship---Software-Developer_R10390?utm_source=Simplify&ref=Simplify,applied,
2026-09-13T21:18:38.479444+00:00,NiSource,Change Management Analytics Intern,https://nisource.wd1.myworkdayjobs.com/NiSource/job/Columbus-OH---Arena-District/Intern-People-Analytics---Change-Management_R00943378?utm_source=Simplify&ref=Simplify,https://nisource.wd1.myworkdayjobs.com/NiSource/job/Columbus-OH---Arena-District/Intern-People-Analytics---Change-Management_R00943378?utm_source=Simplify&ref=Simplify,applied,
2026-09-13T21:25:09.812569+00:00,NiSource,People Analytics Intern,https://nisource.wd1.myworkdayjobs.com/NiSource/job/Columbus-OH---Arena-District/Intern-People-Analytics_R00943381?utm_source=Simplify&ref=Simplify,https://nisource.wd1.myworkdayjobs.com/NiSource/job/Columbus-OH---Arena-District/Intern-People-Analytics_R00943381?utm_source=Simplify&ref=Simplify,applied,
2026-09-13T21:30:59.435812+00:00,NiSource,Software Engineer Intern,https://nisource.wd1.myworkdayjobs.com/NiSource/job/Merrillville-IN-SLC/Intern-IT---Software-Engineer_R00943449?utm_source=Simplify&ref=Simplify,https://nisource.wd1.myworkdayjobs.com/NiSource/job/Merrillville-IN-SLC/Intern-IT---Software-Engineer_R00943449?utm_source=Simplify&ref=Simplify,applied,
2026-09-13T21:44:46.368960+00:00,Northwestern Mutual,Quantitative Analyst Intern - Public Investments,https://northwesternmutual.wd5.myworkdayjobs.com/corporate-careers/job/Milwaukee-WI-Corporate/Public-Investments-Quantitative-Analyst-Intern--Summer-2027_JR-45807?utm_source=Simplify&ref=Simplify,https://northwesternmutual.wd5.myworkdayjobs.com/corporate-careers/job/Milwaukee-WI-Corporate/Public-Investments-Quantitative-Analyst-Intern--Summer-2027_JR-45807?utm_source=Simplify&ref=Simplify,applied,
2026-09-13T21:49:58.291857+00:00,Northern Trust,Technology Intern - Data Science and Analytics,https://ntrs.wd1.myworkdayjobs.com/northerntrust/job/Chicago-IL/Technology-Intern---Data-Science-and-Analytics_R160865-1?utm_source=Simplify&ref=Simplify,https://ntrs.wd1.myworkdayjobs.com/northerntrust/job/Chicago-IL/Technology-Intern---Data-Science-and-Analytics_R160865-1?utm_source=Simplify&ref=Simplify,applied,
2026-09-13T21:59:44.874344+00:00,Northern Trust,Technology Intern - Software Engineering,https://ntrs.wd1.myworkdayjobs.com/northerntrust/job/Chicago-IL/Technology-Intern---Software-Engineering_R160832-1?utm_source=Simplify&ref=Simplify,https://ntrs.wd1.myworkdayjobs.com/northerntrust/job/Chicago-IL/Technology-Intern---Software-Engineering_R160832-1?utm_source=Simplify&ref=Simplify,applied,
2026-09-13T22:01:25.672685+00:00,NVIDIA,Software Engineering Intern,https://nvidia.wd5.myworkdayjobs.com/NVIDIAExternalCareerSite/job/US-CA-Santa-Clara/NVIDIA-2027-Internships--Software-Engineering_JR2023495?utm_source=Simplify&ref=Simplify,https://nvidia.wd5.myworkdayjobs.com/NVIDIAExternalCareerSite/job/US-CA-Santa-Clara/NVIDIA-2027-Internships--Software-Engineering_JR2023495?utm_source=Simplify&ref=Simplify,applied,
2026-09-13T22:09:17.276800+00:00,NXP Semiconductors,Data Science / Structured Problem Solving Intern - Summer 2027,https://nxp.wd3.myworkdayjobs.com/en-US/careers/job/Austin-Ed-Bluestein-Office/Data-Science---Structured-Problem-Solving-Intern---Summer-2027_R-10065037?utm_source=Simplify&ref=Simplify,https://nxp.wd3.myworkdayjobs.com/en-US/careers/job/Austin-Ed-Bluestein-Office/Data-Science---Structured-Problem-Solving-Intern---Summer-2027_R-10065037?utm_source=Simplify&ref=Simplify,applied,
2026-09-13T22:13:58.768772+00:00,NXP Semiconductors,Data Analytics Engineer Intern - Summer 2027,https://nxp.wd3.myworkdayjobs.com/en-US/careers/job/Austin-Oakhill-Office/Data-Analytics-Engineer-Intern---Summer-2027_R-10065538?utm_source=Simplify&ref=Simplify,https://nxp.wd3.myworkdayjobs.com/en-US/careers/job/Austin-Oakhill-Office/Data-Analytics-Engineer-Intern---Summer-2027_R-10065538?utm_source=Simplify&ref=Simplify,applied,
2026-09-13T22:29:32.057256+00:00,Ontario Teachers' Pension Plan,Risk Intern - Models and Asset Liability,https://otppb.wd3.myworkdayjobs.com/OntarioTeachers_Careers/job/Toronto-Canada/Intern---Risk--Models-and-Asset-Liability--May-2027---12-months-_7196?utm_source=Simplify&ref=Simplify,https://otppb.wd3.myworkdayjobs.com/OntarioTeachers_Careers/job/Toronto-Canada/Intern---Risk--Models-and-Asset-Liability--May-2027---12-months-_7196?utm_source=Simplify&ref=Simplify,applied,
2026-09-13T22:39:39.711111+00:00,Ontario Teachers' Pension Plan,Total Fund Risk Intern - Months,https://otppb.wd3.myworkdayjobs.com/OntarioTeachers_Careers/job/Toronto-Canada/Intern---Total-Risk-Fund--May-2027---12-months-_7212?utm_source=Simplify&ref=Simplify,https://otppb.wd3.myworkdayjobs.com/OntarioTeachers_Careers/job/Toronto-Canada/Intern---Total-Risk-Fund--May-2027---12-months-_7212?utm_source=Simplify&ref=Simplify,applied,
2026-09-13T22:45:02.345414+00:00,Ovintiv,Technology Intern - Data & Digital,https://ovintiv.wd3.myworkdayjobs.com/ovintivcareers/job/Denver-CO-US/Intern-Technology--Data---Digital_R2587?utm_source=Simplify&ref=Simplify,https://ovintiv.wd3.myworkdayjobs.com/ovintivcareers/job/Denver-CO-US/Intern-Technology--Data---Digital_R2587?utm_source=Simplify&ref=Simplify,applied,
2026-09-13T22:55:24.189533+00:00,Procter & Gamble,Data & AI Engineering Intern,https://pg.wd5.myworkdayjobs.com/1000/job/CINCINNATI-GENERAL-OFFICES/Data---AI-Engineering-Internship_R000157499?utm_source=Simplify&ref=Simplify,https://pg.wd5.myworkdayjobs.com/1000/job/CINCINNATI-GENERAL-OFFICES/Data---AI-Engineering-Internship_R000157499?utm_source=Simplify&ref=Simplify,applied,
2026-09-13T23:01:38.807711+00:00,Procter & Gamble,"IT Engineering Internship - Software, Platform, Network",https://pg.wd5.myworkdayjobs.com/1000/job/CINCINNATI-GENERAL-OFFICES/IT-Engineering-Internship--Software--Platform----Network-_R000157503?utm_source=Simplify&ref=Simplify,https://pg.wd5.myworkdayjobs.com/1000/job/CINCINNATI-GENERAL-OFFICES/IT-Engineering-Internship--Software--Platform----Network-_R000157503?utm_source=Simplify&ref=Simplify,applied,
